"","distance","calories_burned","sweat_loss(ml)","aerobic","anaerobic","avg_hr","max_hr","moving_time","elapsed_time","avg_spd","avg_moving_spd","max_spd","avg_cadence","max_cadence","avg_stride","date","time"
"1","13.25 mi","1,508 C","508 ml","5.0 Overreaching","2.0 Maintaining","175 bpm","185 bpm","1:24:34","1:24:42","9.4 mph","9.4 mph","13.0 mph","161 spm","178 spm","1.56 m",2021-10-24,"7:34 AM"
"2","4.13 mi","527 C","223 ml","2.7 Maintaining","0.4 No Benefit","149 bpm","168 bpm","37:10","37:22","6.7 mph","6.7 mph","10.8 mph","147 spm","178 spm","1.21 m",2021-10-23,"7:57 AM"
"3","5.00 mi","630 C","255 ml","3.1 Impacting","0.0 No Benefit","154 bpm","169 bpm","42:31","44:01","7.0 mph","7.1 mph","7.8 mph","148 spm","167 spm","1.28 m",2021-10-21,"5:26 PM"
"4","6.11 mi","789 C","346 ml","3.0 Impacting","0.5 No Benefit","151 bpm","177 bpm","57:47","57:55","6.3 mph","6.3 mph","11.4 mph","145 spm","174 spm","1.17 m",2021-10-20,"6:36 AM"
"5","8.01 mi","940 C","323 ml","4.4 Highly Impacting","0.4 No Benefit","173 bpm","186 bpm","53:54","54:19","8.9 mph","8.9 mph","10.5 mph","162 spm","178 spm","1.47 m",2021-10-19,"6:25 AM"
"6","12.01 mi","1,478 C","542 ml","4.6 Highly Impacting","0.6 No Benefit","168 bpm","185 bpm","1:29:56","1:32:32","8.0 mph","8.0 mph","11.1 mph","152 spm","188 spm","1.40 m",2021-10-17,"7:45 AM"
"7","5.02 mi","680 C","304 ml","2.7 Maintaining","0.1 No Benefit","151 bpm","176 bpm","50:36","51:01","5.9 mph","6.0 mph","6.9 mph","142 spm","157 spm","1.12 m",2021-10-16,"7:17 AM"
"8","12.01 mi","1,490 C","561 ml","4.3 Highly Impacting","0.6 No Benefit","165 bpm","178 bpm","1:33:27","1:33:59","7.7 mph","7.7 mph","8.9 mph","152 spm","162 spm","1.36 m",2021-10-14,"5:51 AM"
"9","10.01 mi","1,134 C","419 ml","4.0 Highly Impacting","2.5 Maintaining","162 bpm","190 bpm","1:09:48","1:22:02","8.6 mph","8.6 mph","11.1 mph","157 spm","179 spm","1.46 m",2021-10-13,"6:32 AM"
"10","5.01 mi","645 C","305 ml","2.5 Maintaining","0.0 No Benefit","141 bpm","172 bpm","50:51","51:17","5.9 mph","5.9 mph","8.1 mph","143 spm","164 spm","1.10 m",2021-10-12,"6:35 AM"
"11","20.01 mi","2,379 C","909 ml","5.0 Overreaching","0.4 No Benefit","165 bpm","177 bpm","2:30:51","2:40:50","7.9 mph","8.0 mph","10.7 mph","152 spm","186 spm","1.40 m",2021-10-10,"7:05 AM"
"12","5.01 mi","653 C","294 ml","2.6 Maintaining","0.0 No Benefit","147 bpm","164 bpm","49:05","49:06","6.1 mph","6.1 mph","7.2 mph","144 spm","160 spm","1.14 m",2021-10-09,"7:18 AM"
"13","5.01 mi","591 C","206 ml","3.8 Impacting","0.0 No Benefit","172 bpm","182 bpm","34:20","34:34","8.7 mph","8.8 mph","9.8 mph","157 spm","171 spm","1.49 m",2021-10-08,"7:04 AM"
"14","3.21 mi","395 C","189 ml","2.2 Maintaining","0.0 No Benefit","136 bpm","158 bpm","31:31","31:32","6.1 mph","6.1 mph","6.9 mph","143 spm","154 spm","1.14 m",2021-10-07,"5:41 PM"
"15","12.01 mi","1,455 C","571 ml","4.0 Highly Impacting","0.0 No Benefit","159 bpm","173 bpm","1:34:50","1:36:40","7.6 mph","7.6 mph","8.9 mph","150 spm","162 spm","1.35 m",2021-10-06,"5:48 AM"
"16","4.45 mi","545 C","256 ml","2.4 Maintaining","0.0 No Benefit","141 bpm","154 bpm","42:42","42:47","6.2 mph","6.2 mph","7.5 mph","143 spm","160 spm","1.17 m",2021-10-05,"5:05 PM"
"17","18.00 mi","2,194 C","866 ml","5.0 Overreaching","0.2 No Benefit","162 bpm","177 bpm","2:23:46","2:31:15","7.5 mph","7.5 mph","9.9 mph","148 spm","184 spm","1.36 m",2021-10-03,"7:41 AM"
"18","3.50 mi","436 C","211 ml","2.2 Maintaining","0.0 No Benefit","137 bpm","155 bpm","35:10","35:11","6.0 mph","6.0 mph","7.0 mph","144 spm","155 spm","1.11 m",2021-10-02,"7:53 AM"
"19","11.03 mi","1,341 C","522 ml","4.1 Highly Impacting","0.4 No Benefit","159 bpm","175 bpm","1:26:52","1:27:45","7.6 mph","7.6 mph","8.7 mph","147 spm","158 spm","1.39 m",2021-10-01,"5:30 AM"
"20","5.00 mi","647 C","302 ml","2.5 Maintaining","0.0 No Benefit","143 bpm","167 bpm","50:26","50:42","5.9 mph","6.0 mph","6.7 mph","144 spm","158 spm","1.11 m",2021-09-30,"6:26 AM"
"21","10.00 mi","1,196 C","441 ml","4.6 Highly Impacting","0.7 No Benefit","166 bpm","184 bpm","1:13:29","1:14:22","8.2 mph","8.2 mph","10.0 mph","153 spm","170 spm","1.43 m",2021-09-29,"5:56 AM"
"22","6.43 mi","807 C","374 ml","2.9 Maintaining","0.0 No Benefit","146 bpm","161 bpm","1:01:46","1:03:49","6.2 mph","6.2 mph","7.4 mph","141 spm","160 spm","1.18 m",2021-09-28,"5:52 PM"
"23","16.00 mi","1,905 C","723 ml","5.0 Overreaching","0.9 No Benefit","165 bpm","187 bpm","2:00:10","2:03:35","8.0 mph","8.0 mph","10.8 mph","155 spm","184 spm","1.38 m",2021-09-26,"7:34 AM"
"24","4.19 mi","564 C","256 ml","2.5 Maintaining","0.0 No Benefit","148 bpm","166 bpm","42:47","42:47","5.9 mph","5.9 mph","6.8 mph","143 spm","168 spm","1.10 m",2021-09-25,"7:10 AM"
"25","11.00 mi","1,369 C","518 ml","4.4 Highly Impacting","0.4 No Benefit","164 bpm","182 bpm","1:26:09","1:26:42","7.6 mph","7.7 mph","8.8 mph","149 spm","169 spm","1.37 m",2021-09-24,"6:02 AM"
"26","5.00 mi","624 C","246 ml","3.3 Impacting","0.0 No Benefit","157 bpm","173 bpm","40:46","42:45","7.3 mph","7.4 mph","10.7 mph","147 spm","192 spm","1.33 m",2021-09-23,"6:36 PM"
"27","8.01 mi","976 C","364 ml","4.1 Highly Impacting","0.7 No Benefit","163 bpm","176 bpm","1:00:39","1:02:03","7.9 mph","7.9 mph","12.2 mph","150 spm","189 spm","1.41 m",2021-09-21,"6:15 AM"
"28","16.01 mi","2,047 C","778 ml","5.0 Overreaching","0.0 No Benefit","167 bpm","182 bpm","2:09:28","2:13:05","7.4 mph","7.4 mph","9.3 mph","148 spm","173 spm","1.34 m",2021-09-19,"6:58 AM"
"29","3.48 mi","456 C","201 ml","2.4 Maintaining","0.0 No Benefit","149 bpm","167 bpm","33:38","33:39","6.2 mph","6.2 mph","7.5 mph","147 spm","160 spm","1.14 m",2021-09-18,"9:46 AM"
"30","8.01 mi","989 C","350 ml","4.6 Highly Impacting","0.2 No Benefit","171 bpm","185 bpm","58:12","59:46","8.2 mph","8.3 mph","10.2 mph","151 spm","167 spm","1.46 m",2021-09-17,"6:23 AM"
"31","5.01 mi","636 C","234 ml","3.5 Impacting","0.4 No Benefit","163 bpm","178 bpm","39:07","39:11","7.7 mph","7.7 mph","8.7 mph","149 spm","173 spm","1.39 m",2021-09-15,"5:41 PM"
"32","11.00 mi","1,369 C","523 ml","4.1 Highly Impacting","0.0 No Benefit","160 bpm","177 bpm","1:27:03","1:27:55","7.6 mph","7.6 mph","9.2 mph","150 spm","164 spm","1.35 m",2021-09-14,"5:53 AM"
"33","13.14 mi","1,649 C","615 ml","4.6 Highly Impacting","0.4 No Benefit","166 bpm","179 bpm","1:41:33","1:43:56","7.7 mph","7.8 mph","13.4 mph","149 spm","196 spm","1.39 m",2021-09-12,"7:14 AM"
"34","9.01 mi","1,129 C","412 ml","4.2 Highly Impacting","0.5 No Benefit","165 bpm","180 bpm","1:08:45","1:08:58","7.9 mph","7.9 mph","9.6 mph","155 spm","169 spm","1.36 m",2021-09-10,"6:04 AM"
"35","4.01 mi","484 C","180 ml","3.3 Impacting","1.9 Some Benefit","161 bpm","187 bpm","30:04","30:05","8.0 mph","8.0 mph","11.0 mph","148 spm","169 spm","1.45 m",2021-09-09,"6:37 PM"
"36","4.01 mi","510 C","239 ml","2.3 Maintaining","0.0 No Benefit","140 bpm","155 bpm","39:55","39:58","6.0 mph","6.0 mph","7.0 mph","146 spm","160 spm","1.11 m",2021-09-08,"6:24 AM"
"37","13.05 mi","1,587 C","624 ml","4.1 Highly Impacting","0.4 No Benefit","157 bpm","174 bpm","1:43:42","1:47:57","7.5 mph","7.6 mph","11.0 mph","148 spm","174 spm","1.36 m",2021-09-05,"7:18 AM"
"38","10.40 mi","1,274 C","487 ml","3.9 Impacting","0.0 No Benefit","160 bpm","174 bpm","1:21:11","1:22:11","7.7 mph","7.7 mph","10.6 mph","149 spm","180 spm","1.38 m",2021-09-03,"4:24 PM"
"39","5.01 mi","645 C","236 ml","3.6 Impacting","1.1 Some Benefit","164 bpm","180 bpm","38:58","41:56","7.6 mph","7.7 mph","13.0 mph","148 spm","194 spm","1.38 m",2021-09-02,"6:36 PM"
"40","7.03 mi","795 C","309 ml","3.5 Impacting","3.0 Impacting","159 bpm","182 bpm","51:28","1:01:37","8.2 mph","8.2 mph","13.6 mph","152 spm","194 spm","1.42 m",2021-09-01,"5:29 AM"
"41","8.02 mi","990 C","389 ml","3.6 Impacting","0.2 No Benefit","157 bpm","175 bpm","1:04:41","1:05:43","7.4 mph","7.4 mph","9.9 mph","148 spm","160 spm","1.34 m",2021-08-31,"6:21 AM"
"42","12.08 mi","1,541 C","602 ml","4.3 Highly Impacting","0.4 No Benefit","165 bpm","177 bpm","1:39:59","1:44:50","7.2 mph","7.3 mph","9.0 mph","147 spm","164 spm","1.32 m",2021-08-29,"6:30 AM"
"43","6.22 mi","782 C","295 ml","3.6 Impacting","0.0 No Benefit","162 bpm","177 bpm","49:00","50:28","7.6 mph","7.6 mph","9.0 mph","150 spm","167 spm","1.36 m",2021-08-27,"6:18 AM"
"44","4.22 mi","523 C","247 ml","2.4 Maintaining","0.0 No Benefit","141 bpm","155 bpm","41:16","41:19","6.1 mph","6.1 mph","7.0 mph","146 spm","164 spm","1.12 m",2021-08-26,"6:22 AM"
"45","6.23 mi","772 C","285 ml","3.7 Impacting","1.1 Some Benefit","162 bpm","177 bpm","47:26","48:06","7.9 mph","7.9 mph","13.6 mph","151 spm","182 spm","1.40 m",2021-08-25,"6:16 AM"
"46","9.00 mi","1,118 C","421 ml","3.9 Impacting","0.0 No Benefit","163 bpm","175 bpm","1:10:12","1:11:07","7.7 mph","7.7 mph","9.1 mph","149 spm","164 spm","1.38 m",2021-08-24,"6:14 AM"
"47","8.01 mi","1,048 C","389 ml","4.0 Highly Impacting","0.8 No Benefit","166 bpm","178 bpm","1:04:45","1:05:10","7.4 mph","7.4 mph","8.6 mph","147 spm","159 spm","1.35 m",2021-08-22,"7:54 AM"
"48","3.32 mi","502 C","191 ml","3.1 Impacting","0.0 No Benefit","157 bpm","165 bpm","31:56","31:56","6.2 mph","6.2 mph","7.3 mph","143 spm","154 spm","1.17 m",2021-08-21,"9:27 AM"
"49","5.18 mi","638 C","232 ml","3.5 Impacting","2.8 Maintaining","166 bpm","188 bpm","38:25","46:46","8.0 mph","8.1 mph","13.6 mph","148 spm","194 spm","1.43 m",2021-08-19,"5:54 AM"
"50","8.30 mi","1,094 C","390 ml","4.4 Highly Impacting","0.0 No Benefit","168 bpm","177 bpm","1:05:05","1:05:26","7.6 mph","7.7 mph","9.2 mph","146 spm","158 spm","1.40 m",2021-08-18,"5:55 AM"
"51","8.70 mi","1,070 C","377 ml","4.8 Highly Impacting","0.0 No Benefit","169 bpm","181 bpm","1:02:43","1:08:09","7.5 mph","8.3 mph","9.7 mph","148 spm","164 spm","1.40 m",2021-08-16,"6:20 AM"
"52","7.35 mi","974 C","334 ml","4.7 Highly Impacting","0.1 No Benefit","172 bpm","182 bpm","55:43","56:09","7.9 mph","7.9 mph","9.0 mph","150 spm","165 spm","1.41 m",2021-08-13,"6:22 AM"
"53","4.90 mi","724 C","278 ml","3.4 Impacting","0.0 No Benefit","157 bpm","168 bpm","46:18","47:42","6.3 mph","6.3 mph","9.4 mph","143 spm","160 spm","1.18 m",2021-08-12,"6:37 PM"
"54","4.01 mi","488 C","170 ml","3.5 Impacting","0.0 No Benefit","170 bpm","184 bpm","28:21","28:22","8.5 mph","8.5 mph","10.4 mph","155 spm","184 spm","1.47 m",2021-08-11,"6:29 AM"
"55","8.01 mi","1,039 C","388 ml","4.1 Highly Impacting","0.1 No Benefit","160 bpm","176 bpm","1:04:39","1:05:07","7.4 mph","7.4 mph","8.7 mph","147 spm","165 spm","1.36 m",2021-08-10,"6:03 AM"
"56","12.01 mi","1,514 C","565 ml","4.5 Highly Impacting","0.0 No Benefit","164 bpm","176 bpm","1:34:02","1:38:30","7.6 mph","7.7 mph","9.1 mph","149 spm","170 spm","1.38 m",2021-08-08,"7:16 AM"
"57","2.14 mi","307 C","118 ml","2.6 Maintaining","0.0 No Benefit","153 bpm","166 bpm","19:48","19:48","6.5 mph","6.5 mph","7.1 mph","143 spm","154 spm","1.21 m",2021-08-07,"9:51 AM"
"58","2.00 mi","280 C","127 ml","2.1 Maintaining","0.0 No Benefit","141 bpm","155 bpm","21:16","24:14","5.6 mph","5.7 mph","7.8 mph","143 spm","160 spm","1.06 m",2021-08-07,"9:25 AM"
"59","6.22 mi","789 C","291 ml","3.7 Impacting","0.1 No Benefit","161 bpm","173 bpm","48:25","49:15","7.7 mph","7.7 mph","8.9 mph","147 spm","158 spm","1.40 m",2021-08-06,"5:54 PM"
"60","4.94 mi","642 C","225 ml","3.9 Impacting","2.2 Maintaining","167 bpm","187 bpm","37:26","38:37","7.9 mph","7.9 mph","11.1 mph","147 spm","169 spm","1.44 m",2021-08-05,"6:35 PM"
"61","8.05 mi","1,105 C","384 ml","4.8 Highly Impacting","0.4 No Benefit","171 bpm","184 bpm","1:03:52","1:04:43","7.5 mph","7.6 mph","8.9 mph","146 spm","167 spm","1.39 m",2021-08-04,"5:43 AM"
"62","11.43 mi","1,561 C","557 ml","5.0 Overreaching","0.2 No Benefit","170 bpm","186 bpm","1:32:41","1:38:11","7.4 mph","7.4 mph","9.2 mph","145 spm","177 spm","1.37 m",2021-08-01,"7:52 AM"
"63","0.99 mi","87 C","30 ml","2.0 Maintaining","2.6 Maintaining","170 bpm","189 bpm","5:09.8","5:09.8","11.5 mph","11.5 mph","14.5 mph","161 spm","210 spm","1.92 m",2021-07-31,"8:10 AM"
"64","3.30 mi","467 C","182 ml","3.0 Impacting","0.0 No Benefit","155 bpm","168 bpm","30:26","30:32","6.5 mph","6.5 mph","8.1 mph","146 spm","157 spm","1.19 m",2021-07-29,"6:37 PM"
"65","5.23 mi","622 C","239 ml","3.4 Impacting","3.4 Impacting","163 bpm","189 bpm","39:23","50:54","7.9 mph","8.0 mph","15.6 mph","147 spm","200 spm","1.41 m",2021-07-28,"5:34 AM"
"66","3.51 mi","451 C","166 ml","3.3 Impacting","0.0 No Benefit","163 bpm","177 bpm","27:37","27:39","7.6 mph","7.6 mph","8.7 mph","150 spm","173 spm","1.36 m",2021-07-26,"6:55 PM"
"67","6.22 mi","846 C","292 ml","4.4 Highly Impacting","0.0 No Benefit","173 bpm","185 bpm","48:35","49:25","7.7 mph","7.7 mph","9.3 mph","147 spm","164 spm","1.39 m",2021-07-25,"12:03 PM"
"68","3.11 mi","362 C","126 ml","3.3 Impacting","1.5 Some Benefit","171 bpm","187 bpm","21:01","21:41","8.9 mph","8.9 mph","11.3 mph","154 spm","167 spm","1.54 m",2021-07-23,"6:22 AM"
"69","6.23 mi","833 C","299 ml","4.2 Highly Impacting","0.3 No Benefit","167 bpm","185 bpm","49:52","51:08","7.5 mph","7.5 mph","9.0 mph","148 spm","162 spm","1.35 m",2021-07-22,"6:19 AM"
"70","5.70 mi","648 C","254 ml","3.4 Impacting","3.0 Impacting","162 bpm","188 bpm","42:20","56:17","8.1 mph","8.1 mph","14.9 mph","149 spm","206 spm","1.43 m",2021-07-21,"6:05 AM"
"71","16.01 mi","1,999 C","765 ml","5.0 Overreaching","0.1 No Benefit","165 bpm","177 bpm","2:06:58","2:16:37","7.5 mph","7.6 mph","11.6 mph","147 spm","192 spm","1.37 m",2021-07-18,"7:10 AM"
"72","6.22 mi","822 C","298 ml","4.0 Highly Impacting","0.0 No Benefit","165 bpm","177 bpm","49:34","49:52","7.5 mph","7.5 mph","8.6 mph","150 spm","162 spm","1.35 m",2021-07-16,"6:25 AM"
"73","4.28 mi","590 C","203 ml","3.8 Impacting","0.4 No Benefit","172 bpm","185 bpm","33:43","33:59","7.6 mph","7.6 mph","10.9 mph","147 spm","167 spm","1.38 m",2021-07-15,"6:42 PM"
"74","6.33 mi","717 C","279 ml","3.4 Impacting","3.3 Impacting","162 bpm","183 bpm","46:25","59:25","8.2 mph","8.2 mph","13.0 mph","153 spm","184 spm","1.41 m",2021-07-14,"5:53 AM"
"75","8.02 mi","1,011 C","362 ml","4.4 Highly Impacting","0.0 No Benefit","168 bpm","181 bpm","1:00:12","1:00:59","8.0 mph","8.0 mph","9.4 mph","151 spm","162 spm","1.42 m",2021-07-13,"6:21 AM"
"76","15.01 mi","1,874 C","719 ml","4.7 Highly Impacting","0.0 No Benefit","163 bpm","176 bpm","1:59:33","2:08:07","7.5 mph","7.5 mph","11.1 mph","150 spm","181 spm","1.34 m",2021-07-11,"7:04 AM"
"77","2.97 mi","391 C","459 ml","2.1 Maintaining","0.0 No Benefit","139 bpm","163 bpm","32:24","41:33","5.5 mph","5.5 mph","7.6 mph","145 spm","167 spm","1.01 m",2021-07-10,"7:12 AM"
"78","8.00 mi","1,062 C","387 ml","4.3 Highly Impacting","0.1 No Benefit","163 bpm","176 bpm","1:04:29","1:06:54","7.4 mph","7.4 mph","8.5 mph","151 spm","179 spm","1.32 m",2021-07-09,"6:53 AM"
"79","4.92 mi","679 C","281 ml","3.2 Impacting","0.1 No Benefit","151 bpm","171 bpm","46:38","48:37","6.3 mph","6.3 mph","7.9 mph","144 spm","158 spm","1.17 m",2021-07-08,"6:36 PM"
"80","1.35 mi","177 C","75 ml","2.1 Maintaining","0.0 No Benefit","143 bpm","159 bpm","12:26","12:55","6.4 mph","6.5 mph","7.9 mph","146 spm","160 spm","1.18 m",2021-07-08,"5:40 PM"
"81","6.01 mi","743 C","282 ml","3.5 Impacting","0.0 No Benefit","158 bpm","171 bpm","46:43","48:32","7.7 mph","7.7 mph","8.9 mph","155 spm","170 spm","1.33 m",2021-07-07,"6:33 AM"
"82","4.03 mi","473 C","170 ml","3.3 Impacting","0.2 No Benefit","166 bpm","180 bpm","28:24","29:42","8.5 mph","8.5 mph","10.1 mph","154 spm","179 spm","1.48 m",2021-07-06,"7:02 AM"
"83","2.92 mi","330 C","125 ml","2.8 Maintaining","2.4 Maintaining","159 bpm","182 bpm","20:56","30:28","8.4 mph","8.4 mph","12.2 mph","155 spm","184 spm","1.42 m",2021-07-06,"6:25 AM"
"84","3.15 mi","396 C","177 ml","2.3 Maintaining","0.0 No Benefit","142 bpm","155 bpm","29:37","29:39","6.4 mph","6.4 mph","7.8 mph","147 spm","160 spm","1.16 m",2021-07-05,"8:23 AM"
"85","13.11 mi","1,522 C","610 ml","4.2 Highly Impacting","0.2 No Benefit","158 bpm","177 bpm","1:41:26","1:46:02","7.7 mph","7.8 mph","10.6 mph","152 spm","176 spm","1.36 m",2021-07-04,"6:34 AM"
"86","4.01 mi","530 C","230 ml","2.7 Maintaining","0.0 No Benefit","146 bpm","161 bpm","38:27","38:43","6.3 mph","6.3 mph","6.9 mph","146 spm","162 spm","1.15 m",2021-07-03,"8:05 AM"
"87","8.01 mi","1,077 C","389 ml","4.3 Highly Impacting","0.0 No Benefit","166 bpm","177 bpm","1:04:50","1:07:08","7.4 mph","7.4 mph","8.9 mph","152 spm","166 spm","1.30 m",2021-07-02,"6:01 AM"
"88","4.92 mi","683 C","249 ml","3.7 Impacting","0.1 No Benefit","163 bpm","180 bpm","41:28","43:12","7.1 mph","7.1 mph","9.4 mph","149 spm","166 spm","1.27 m",2021-07-01,"6:36 PM"
"89","5.27 mi","584 C","228 ml","3.3 Impacting","3.0 Impacting","160 bpm","186 bpm","38:05","45:05","8.3 mph","8.3 mph","12.2 mph","154 spm","184 spm","1.43 m",2021-06-30,"6:22 AM"
"90","8.01 mi","1,017 C","379 ml","4.1 Highly Impacting","0.0 No Benefit","162 bpm","175 bpm","1:03:08","1:03:40","7.6 mph","7.6 mph","9.0 mph","150 spm","160 spm","1.36 m",2021-06-29,"5:55 AM"
"91","13.14 mi","1,571 C","630 ml","4.3 Highly Impacting","0.5 No Benefit","160 bpm","173 bpm","1:44:11","1:54:57","7.5 mph","7.6 mph","9.6 mph","150 spm","170 spm","1.34 m",2021-06-27,"7:25 AM"
"92","4.21 mi","554 C","253 ml","2.5 Maintaining","0.0 No Benefit","144 bpm","155 bpm","42:09","42:24","6.0 mph","6.0 mph","7.2 mph","145 spm","164 spm","1.11 m",2021-06-26,"8:29 AM"
"93","8.03 mi","1,045 C","379 ml","4.2 Highly Impacting","0.0 No Benefit","166 bpm","178 bpm","1:03:01","1:03:52","7.6 mph","7.6 mph","8.7 mph","150 spm","164 spm","1.36 m",2021-06-25,"6:23 AM"
"94","4.73 mi","664 C","262 ml","3.4 Impacting","0.0 No Benefit","156 bpm","170 bpm","43:04","54:12","6.5 mph","6.6 mph","8.1 mph","143 spm","166 spm","1.22 m",2021-06-24,"6:38 PM"
"95","8.01 mi","1,007 C","364 ml","4.3 Highly Impacting","0.0 No Benefit","166 bpm","177 bpm","1:00:39","1:01:17","7.9 mph","7.9 mph","9.8 mph","154 spm","203 spm","1.38 m",2021-06-23,"6:17 AM"
"96","5.01 mi","599 C","206 ml","4.0 Highly Impacting","0.6 No Benefit","173 bpm","185 bpm","34:25","35:03","8.7 mph","8.7 mph","10.5 mph","156 spm","168 spm","1.50 m",2021-06-22,"6:31 AM"
"97","16.01 mi","2,063 C","804 ml","5.0 Overreaching","0.4 No Benefit","163 bpm","177 bpm","2:13:26","2:21:16","7.2 mph","7.2 mph","9.6 mph","148 spm","169 spm","1.30 m",2021-06-20,"7:46 AM"
"98","5.01 mi","649 C","281 ml","2.8 Maintaining","0.0 No Benefit","147 bpm","166 bpm","46:56","47:06","6.4 mph","6.4 mph","9.2 mph","145 spm","162 spm","1.18 m",2021-06-19,"8:21 AM"
"99","5.01 mi","597 C","218 ml","3.7 Impacting","0.5 No Benefit","165 bpm","182 bpm","36:22","36:26","8.2 mph","8.3 mph","11.7 mph","154 spm","178 spm","1.43 m",2021-06-18,"6:18 AM"
"100","10.01 mi","1,198 C","462 ml","4.1 Highly Impacting","0.2 No Benefit","162 bpm","175 bpm","1:16:52","1:17:30","7.8 mph","7.8 mph","9.6 mph","152 spm","168 spm","1.38 m",2021-06-17,"6:05 AM"
"101","3.09 mi","375 C","182 ml","2.1 Maintaining","0.0 No Benefit","137 bpm","149 bpm","30:27","30:32","6.1 mph","6.1 mph","7.7 mph","146 spm","159 spm","1.12 m",2021-06-16,"5:17 PM"
"102","3.42 mi","445 C","198 ml","2.5 Maintaining","0.0 No Benefit","145 bpm","159 bpm","33:03","33:11","6.2 mph","6.2 mph","7.1 mph","146 spm","160 spm","1.14 m",2021-06-16,"6:28 AM"
"103","10.01 mi","1,238 C","476 ml","4.1 Highly Impacting","0.0 No Benefit","162 bpm","172 bpm","1:19:14","1:20:31","7.6 mph","7.6 mph","8.7 mph","150 spm","167 spm","1.35 m",2021-06-15,"6:05 AM"
"104","16.00 mi","2,010 C","783 ml","5.0 Overreaching","1.7 Some Benefit","166 bpm","179 bpm","2:09:43","2:17:06","7.4 mph","7.4 mph","9.4 mph","148 spm","169 spm","1.33 m",2021-06-13,"7:25 AM"
"105","3.50 mi","490 C","220 ml","2.6 Maintaining","0.0 No Benefit","147 bpm","160 bpm","36:27","38:03","5.7 mph","5.8 mph","6.9 mph","141 spm","155 spm","1.08 m",2021-06-12,"9:09 AM"
"106","5.03 mi","624 C","236 ml","3.5 Impacting","0.0 No Benefit","161 bpm","177 bpm","39:19","39:21","7.7 mph","7.7 mph","9.7 mph","154 spm","172 spm","1.34 m",2021-06-11,"6:19 AM"
"107","10.01 mi","1,282 C","480 ml","4.5 Highly Impacting","0.4 No Benefit","164 bpm","177 bpm","1:19:45","1:21:28","7.5 mph","7.5 mph","9.1 mph","149 spm","173 spm","1.35 m",2021-06-10,"6:28 AM"
"108","3.00 mi","383 C","172 ml","2.4 Maintaining","0.0 No Benefit","143 bpm","157 bpm","28:48","29:55","6.3 mph","6.3 mph","13.7 mph","143 spm","192 spm","1.17 m",2021-06-09,"5:36 PM"
"109","3.20 mi","402 C","182 ml","2.3 Maintaining","0.0 No Benefit","142 bpm","154 bpm","30:22","30:24","6.3 mph","6.3 mph","7.5 mph","149 spm","161 spm","1.14 m",2021-06-09,"6:32 AM"
"110","8.01 mi","1,019 C","366 ml","4.6 Highly Impacting","0.0 No Benefit","169 bpm","179 bpm","1:00:59","1:01:17","7.9 mph","7.9 mph","9.4 mph","153 spm","192 spm","1.38 m",2021-06-08,"6:20 AM"
"111","14.10 mi","2,089 C","854 ml","5.0 Overreaching","0.2 No Benefit","163 bpm","177 bpm","2:22:03","2:29:45","6.0 mph","6.0 mph","8.0 mph","146 spm","203 spm","1.10 m",2021-06-06,"7:54 AM"
"112","3.19 mi","442 C","199 ml","2.4 Maintaining","0.0 No Benefit","144 bpm","164 bpm","33:04","33:59","5.8 mph","5.8 mph","6.9 mph","146 spm","159 spm","1.06 m",2021-06-05,"9:11 AM"
"113","5.01 mi","696 C","254 ml","3.7 Impacting","0.0 No Benefit","164 bpm","177 bpm","42:22","42:30","7.1 mph","7.1 mph","8.6 mph","149 spm","172 spm","1.27 m",2021-06-04,"6:04 AM"
"114","6.26 mi","694 C","274 ml","3.4 Impacting","2.6 Maintaining","160 bpm","181 bpm","45:02","1:03:15","8.2 mph","8.3 mph","13.2 mph","147 spm","186 spm","1.47 m",2021-06-03,"6:13 AM"
"115","3.07 mi","369 C","176 ml","2.2 Maintaining","0.0 No Benefit","139 bpm","157 bpm","29:19","29:56","6.3 mph","6.3 mph","15.7 mph","145 spm","218 spm","1.16 m",2021-06-02,"5:11 PM"
"116","3.15 mi","406 C","194 ml","2.2 Maintaining","0.0 No Benefit","140 bpm","155 bpm","32:25","32:25","5.8 mph","5.8 mph","6.8 mph","145 spm","158 spm","1.08 m",2021-06-02,"6:23 AM"
"117","10.00 mi","1,168 C","478 ml","3.8 Impacting","0.3 No Benefit","156 bpm","176 bpm","1:19:29","1:20:28","7.5 mph","7.6 mph","9.3 mph","149 spm","178 spm","1.36 m",2021-06-01,"6:24 AM"
"118","4.16 mi","534 C","259 ml","2.4 Maintaining","0.0 No Benefit","141 bpm","159 bpm","43:17","45:52","5.8 mph","5.8 mph","15.2 mph","145 spm","208 spm","1.07 m",2021-05-31,"9:40 AM"
"119","12.01 mi","1,432 C","549 ml","4.4 Highly Impacting","1.5 Some Benefit","162 bpm","180 bpm","1:31:17","1:34:40","7.9 mph","7.9 mph","10.6 mph","150 spm","175 spm","1.40 m",2021-05-30,"7:13 AM"
"120","3.01 mi","391 C","178 ml","2.3 Maintaining","0.0 No Benefit","141 bpm","153 bpm","29:38","30:04","6.1 mph","6.1 mph","7.4 mph","148 spm","170 spm","1.10 m",2021-05-29,"8:44 AM"
"121","5.06 mi","670 C","245 ml","3.7 Impacting","0.0 No Benefit","164 bpm","176 bpm","40:54","40:56","7.4 mph","7.4 mph","8.7 mph","149 spm","169 spm","1.34 m",2021-05-28,"6:24 AM"
"122","9.10 mi","1,149 C","438 ml","4.0 Highly Impacting","0.2 No Benefit","160 bpm","179 bpm","1:12:55","1:13:32","7.5 mph","7.5 mph","8.7 mph","149 spm","171 spm","1.35 m",2021-05-27,"6:22 AM"
"123","4.45 mi","638 C","276 ml","2.8 Maintaining","0.0 No Benefit","147 bpm","165 bpm","45:58","46:49","5.8 mph","5.8 mph","7.0 mph","144 spm","160 spm","1.08 m",2021-05-26,"6:18 AM"
"124","6.01 mi","729 C","250 ml","4.3 Highly Impacting","0.8 No Benefit","173 bpm","186 bpm","41:42","41:53","8.6 mph","8.6 mph","10.6 mph","152 spm","169 spm","1.52 m",2021-05-25,"6:44 AM"
"125","4.01 mi","519 C","197 ml","3.2 Impacting","0.0 No Benefit","157 bpm","170 bpm","32:54","32:57","7.3 mph","7.3 mph","8.3 mph","149 spm","172 spm","1.32 m",2021-05-24,"6:27 AM"
"126","8.01 mi","951 C","344 ml","4.2 Highly Impacting","0.1 No Benefit","165 bpm","180 bpm","57:16","58:14","8.4 mph","8.4 mph","10.4 mph","154 spm","184 spm","1.46 m",2021-05-21,"6:19 AM"
"127","5.08 mi","629 C","256 ml","3.1 Impacting","0.1 No Benefit","151 bpm","170 bpm","42:42","42:44","7.1 mph","7.1 mph","8.3 mph","150 spm","180 spm","1.27 m",2021-05-20,"6:32 AM"
"128","4.00 mi","538 C","236 ml","2.6 Maintaining","0.0 No Benefit","145 bpm","161 bpm","39:24","39:25","6.1 mph","6.1 mph","7.0 mph","147 spm","170 spm","1.11 m",2021-05-19,"6:27 AM"
"129","8.00 mi","969 C","355 ml","4.1 Highly Impacting","0.0 No Benefit","164 bpm","175 bpm","59:06","1:00:36","8.1 mph","8.1 mph","12.5 mph","152 spm","184 spm","1.43 m",2021-05-18,"6:47 AM"
"130","4.00 mi","577 C","227 ml","3.2 Impacting","2.0 Maintaining","156 bpm","199 bpm","37:53","37:55","6.3 mph","6.3 mph","11.9 mph","143 spm","167 spm","1.19 m",2021-05-17,"5:47 PM"
"131","8.01 mi","982 C","380 ml","3.6 Impacting","0.0 No Benefit","158 bpm","174 bpm","1:03:03","1:04:08","7.6 mph","7.6 mph","9.1 mph","151 spm","162 spm","1.35 m",2021-05-15,"6:23 AM"
"132","5.00 mi","625 C","249 ml","3.1 Impacting","0.0 No Benefit","153 bpm","167 bpm","41:32","41:35","7.2 mph","7.2 mph","8.7 mph","148 spm","176 spm","1.31 m",2021-05-14,"5:02 PM"
"133","14.00 mi","1,644 C","640 ml","4.6 Highly Impacting","0.7 No Benefit","164 bpm","180 bpm","1:46:29","1:49:15","7.9 mph","7.9 mph","9.5 mph","153 spm","165 spm","1.38 m",2021-05-13,"6:14 AM"
"134","3.27 mi","412 C","198 ml","2.2 Maintaining","0.0 No Benefit","138 bpm","151 bpm","33:08","33:09","5.9 mph","5.9 mph","6.5 mph","147 spm","158 spm","1.08 m",2021-05-12,"6:16 AM"
"135","10.01 mi","1,207 C","446 ml","4.3 Highly Impacting","0.2 No Benefit","164 bpm","176 bpm","1:14:18","1:16:31","8.1 mph","8.1 mph","10.2 mph","152 spm","177 spm","1.42 m",2021-05-11,"7:16 AM"
"136","13.13 mi","1,460 C","608 ml","4.1 Highly Impacting","0.0 No Benefit","158 bpm","174 bpm","1:41:00","1:46:15","7.8 mph","7.8 mph","12.2 mph","153 spm","177 spm","1.36 m",2021-05-09,"7:01 AM"
"137","4.01 mi","530 C","221 ml","2.9 Maintaining","0.0 No Benefit","148 bpm","165 bpm","36:50","38:33","6.5 mph","6.5 mph","7.7 mph","145 spm","162 spm","1.20 m",2021-05-08,"9:34 AM"
"138","6.29 mi","788 C","299 ml","3.7 Impacting","0.0 No Benefit","160 bpm","175 bpm","49:41","50:46","7.6 mph","7.6 mph","9.3 mph","152 spm","171 spm","1.33 m",2021-05-07,"5:07 PM"
"139","9.24 mi","1,034 C","427 ml","3.6 Impacting","0.1 No Benefit","155 bpm","170 bpm","1:10:51","1:14:03","7.8 mph","7.8 mph","9.5 mph","153 spm","167 spm","1.37 m",2021-05-06,"6:24 AM"
"140","5.00 mi","645 C","297 ml","2.7 Maintaining","0.0 No Benefit","145 bpm","160 bpm","49:29","49:36","6.1 mph","6.1 mph","7.2 mph","145 spm","162 spm","1.12 m",2021-05-05,"5:53 PM"
"141","3.18 mi","439 C","202 ml","2.3 Maintaining","0.0 No Benefit","142 bpm","158 bpm","33:42","33:42","5.7 mph","5.7 mph","6.7 mph","146 spm","158 spm","1.04 m",2021-05-05,"6:14 AM"
"142","8.01 mi","973 C","340 ml","4.6 Highly Impacting","0.0 No Benefit","171 bpm","181 bpm","56:23","57:38","8.5 mph","8.5 mph","10.9 mph","154 spm","171 spm","1.48 m",2021-05-04,"6:27 AM"
"143","16.01 mi","1,939 C","739 ml","5.0 Overreaching","1.3 Some Benefit","165 bpm","181 bpm","2:02:27","2:11:43","7.8 mph","7.8 mph","10.8 mph","152 spm","178 spm","1.38 m",2021-05-02,"7:41 AM"
"144","5.01 mi","606 C","213 ml","3.7 Impacting","0.0 No Benefit","168 bpm","179 bpm","35:36","35:39","8.4 mph","8.4 mph","10.4 mph","156 spm","174 spm","1.45 m",2021-04-30,"5:51 PM"
"145","6.32 mi","707 C","270 ml","3.4 Impacting","2.8 Maintaining","161 bpm","184 bpm","44:58","55:00","8.4 mph","8.4 mph","12.4 mph","154 spm","186 spm","1.45 m",2021-04-29,"6:17 AM"
"146","3.55 mi","471 C","199 ml","2.8 Maintaining","2.0 Maintaining","152 bpm","182 bpm","33:10","33:12","6.4 mph","6.4 mph","14.4 mph","148 spm","186 spm","1.16 m",2021-04-28,"5:49 PM"
"147","3.20 mi","410 C","185 ml","2.4 Maintaining","0.0 No Benefit","142 bpm","164 bpm","30:51","30:53","6.2 mph","6.2 mph","7.5 mph","150 spm","157 spm","1.11 m",2021-04-28,"6:39 AM"
"148","8.01 mi","976 C","370 ml","3.9 Impacting","1.0 Some Benefit","161 bpm","176 bpm","1:01:32","1:02:36","7.8 mph","7.8 mph","14.2 mph","154 spm","192 spm","1.36 m",2021-04-27,"6:10 AM"
"149","3.21 mi","415 C","196 ml","2.2 Maintaining","0.0 No Benefit","140 bpm","158 bpm","32:34","33:05","5.9 mph","5.9 mph","7.2 mph","146 spm","160 spm","1.07 m",2021-04-26,"6:23 AM"
"150","13.12 mi","1,533 C","593 ml","4.5 Highly Impacting","0.7 No Benefit","163 bpm","178 bpm","1:38:01","1:43:38","8.0 mph","8.0 mph","10.2 mph","154 spm","180 spm","1.38 m",2021-04-25,"7:24 AM"
"151","6.01 mi","762 C","283 ml","3.7 Impacting","0.5 No Benefit","163 bpm","185 bpm","47:11","48:27","7.6 mph","7.6 mph","9.5 mph","156 spm","172 spm","1.31 m",2021-04-23,"8:14 AM"
"152","6.02 mi","744 C","277 ml","3.8 Impacting","0.1 No Benefit","162 bpm","183 bpm","45:56","46:26","7.8 mph","7.9 mph","9.1 mph","155 spm","170 spm","1.35 m",2021-04-22,"7:24 AM"
"153","6.24 mi","792 C","354 ml","3.0 Impacting","0.0 No Benefit","147 bpm","172 bpm","58:48","1:00:37","6.3 mph","6.4 mph","12.7 mph","149 spm","192 spm","1.14 m",2021-04-21,"8:11 AM"
"154","6.01 mi","758 C","288 ml","3.5 Impacting","0.1 No Benefit","159 bpm","174 bpm","47:56","48:25","7.5 mph","7.5 mph","8.6 mph","154 spm","165 spm","1.29 m",2021-04-20,"7:02 AM"
"155","15.01 mi","1,792 C","769 ml","4.2 Highly Impacting","0.4 No Benefit","157 bpm","175 bpm","2:07:24","2:16:01","7.0 mph","7.1 mph","10.1 mph","151 spm","198 spm","1.25 m",2021-04-18,"7:25 AM"
"156","3.84 mi","543 C","226 ml","2.9 Maintaining","0.0 No Benefit","151 bpm","166 bpm","37:19","40:42","6.1 mph","6.2 mph","10.5 mph","144 spm","172 spm","1.14 m",2021-04-17,"9:19 AM"
"157","6.02 mi","779 C","285 ml","3.9 Impacting","2.0 Maintaining","164 bpm","190 bpm","47:31","47:38","7.6 mph","7.6 mph","11.9 mph","151 spm","180 spm","1.35 m",2021-04-16,"5:15 PM"
"158","8.01 mi","1,037 C","387 ml","4.0 Highly Impacting","0.0 No Benefit","162 bpm","178 bpm","1:04:20","1:05:20","7.4 mph","7.5 mph","14.4 mph","152 spm","204 spm","1.31 m",2021-04-15,"6:11 AM"
"159","3.25 mi","410 C","164 ml","3.0 Impacting","1.5 Some Benefit","153 bpm","184 bpm","27:26","27:27","7.1 mph","7.1 mph","11.7 mph","151 spm","174 spm","1.26 m",2021-04-14,"5:43 PM"
"160","3.16 mi","430 C","197 ml","2.3 Maintaining","0.0 No Benefit","143 bpm","166 bpm","32:53","32:54","5.8 mph","5.8 mph","6.7 mph","147 spm","160 spm","1.05 m",2021-04-14,"6:05 AM"
"161","6.09 mi","679 C","271 ml","3.3 Impacting","2.6 Maintaining","160 bpm","184 bpm","45:10","55:22","8.1 mph","8.1 mph","13.4 mph","156 spm","194 spm","1.37 m",2021-04-13,"6:07 AM"
"162","4.09 mi","559 C","239 ml","3.0 Impacting","0.1 No Benefit","150 bpm","164 bpm","39:49","40:19","6.2 mph","6.2 mph","10.0 mph","147 spm","175 spm","1.13 m",2021-04-12,"5:33 PM"
"163","14.00 mi","1,654 C","661 ml","4.5 Highly Impacting","0.7 No Benefit","162 bpm","181 bpm","1:49:54","1:54:54","7.6 mph","7.6 mph","11.1 mph","152 spm","182 spm","1.34 m",2021-04-11,"7:30 AM"
"164","2.06 mi","296 C","124 ml","2.4 Maintaining","0.0 No Benefit","149 bpm","160 bpm","20:43","21:10","5.9 mph","6.0 mph","16.8 mph","147 spm","213 spm","1.08 m",2021-04-10,"9:49 AM"
"165","2.00 mi","284 C","122 ml","2.3 Maintaining","0.0 No Benefit","146 bpm","158 bpm","20:23","20:23","5.9 mph","5.9 mph","6.9 mph","146 spm","156 spm","1.08 m",2021-04-10,"9:27 AM"
"166","8.01 mi","1,051 C","396 ml","4.2 Highly Impacting","0.0 No Benefit","163 bpm","180 bpm","1:05:56","1:10:45","7.3 mph","7.3 mph","8.4 mph","152 spm","162 spm","1.28 m",2021-04-09,"5:54 AM"
"167","6.01 mi","662 C","276 ml","3.3 Impacting","3.0 Impacting","158 bpm","185 bpm","45:55","57:38","7.8 mph","7.9 mph","13.1 mph","152 spm","186 spm","1.35 m",2021-04-08,"6:04 AM"
"168","3.21 mi","436 C","183 ml","2.8 Maintaining","0.0 No Benefit","150 bpm","171 bpm","30:34","30:34","6.3 mph","6.3 mph","8.0 mph","146 spm","172 spm","1.16 m",2021-04-07,"5:35 PM"
"169","3.16 mi","411 C","196 ml","2.3 Maintaining","0.0 No Benefit","142 bpm","157 bpm","32:46","32:47","5.8 mph","5.8 mph","7.1 mph","146 spm","157 spm","1.07 m",2021-04-07,"6:25 AM"
"170","8.00 mi","1,005 C","390 ml","3.9 Impacting","0.3 No Benefit","161 bpm","177 bpm","1:05:06","1:05:26","7.4 mph","7.4 mph","15.1 mph","150 spm","196 spm","1.31 m",2021-04-06,"6:07 AM"
"171","4.00 mi","534 C","242 ml","2.7 Maintaining","0.0 No Benefit","146 bpm","159 bpm","40:25","40:26","5.9 mph","5.9 mph","8.2 mph","144 spm","154 spm","1.11 m",2021-04-05,"5:40 PM"
"172","12.01 mi","1,428 C","594 ml","4.2 Highly Impacting","0.4 No Benefit","159 bpm","181 bpm","1:38:26","1:45:26","7.3 mph","7.3 mph","12.3 mph","150 spm","203 spm","1.30 m",2021-04-03,"7:22 AM"
"173","5.01 mi","628 C","259 ml","3.3 Impacting","2.1 Maintaining","155 bpm","185 bpm","43:18","43:19","6.9 mph","6.9 mph","10.4 mph","149 spm","167 spm","1.25 m",2021-04-02,"5:46 PM"
"174","3.06 mi","427 C","195 ml","2.5 Maintaining","0.0 No Benefit","144 bpm","170 bpm","32:34","32:34","5.6 mph","5.6 mph","7.0 mph","147 spm","156 spm","1.03 m",2021-04-02,"6:22 AM"
"175","8.00 mi","1,006 C","386 ml","4.1 Highly Impacting","0.2 No Benefit","163 bpm","176 bpm","1:04:19","1:04:36","7.5 mph","7.5 mph","13.0 mph","151 spm","186 spm","1.32 m",2021-04-01,"6:29 AM"
"176","6.22 mi","836 C","330 ml","3.7 Impacting","0.0 No Benefit","159 bpm","173 bpm","54:57","55:24","6.8 mph","6.8 mph","8.0 mph","146 spm","164 spm","1.25 m",2021-03-31,"6:03 AM"
"177","8.01 mi","969 C","385 ml","3.8 Impacting","0.2 No Benefit","159 bpm","175 bpm","1:04:07","1:05:29","7.5 mph","7.5 mph","8.8 mph","150 spm","168 spm","1.34 m",2021-03-30,"6:23 AM"
"178","2.78 mi","335 C","171 ml","2.2 Maintaining","0.0 No Benefit","136 bpm","168 bpm","28:30","41:05","5.8 mph","5.9 mph","7.7 mph","143 spm","239 spm","1.09 m",2021-03-29,"5:32 AM"
"179","12.36 mi","1,533 C","597 ml","4.8 Highly Impacting","0.3 No Benefit","163 bpm","176 bpm","1:39:12","1:41:24","7.4 mph","7.5 mph","11.5 mph","152 spm","180 spm","1.32 m",2021-03-28,"7:03 AM"
"180","3.00 mi","412 C","193 ml","2.3 Maintaining","0.0 No Benefit","143 bpm","164 bpm","32:11","33:28","5.6 mph","5.6 mph","9.0 mph","143 spm","167 spm","1.05 m",2021-03-27,"9:39 AM"
"181","5.01 mi","624 C","236 ml","3.6 Impacting","0.0 No Benefit","163 bpm","175 bpm","39:20","39:38","7.6 mph","7.6 mph","9.1 mph","151 spm","167 spm","1.35 m",2021-03-26,"5:45 PM"
"182","5.01 mi","617 C","221 ml","3.9 Impacting","0.0 No Benefit","169 bpm","182 bpm","36:48","37:03","8.1 mph","8.2 mph","9.4 mph","154 spm","166 spm","1.42 m",2021-03-25,"6:27 AM"
"183","3.44 mi","431 C","163 ml","3.3 Impacting","0.0 No Benefit","162 bpm","178 bpm","27:10","27:10","7.6 mph","7.6 mph","9.2 mph","151 spm","162 spm","1.35 m",2021-03-24,"6:38 AM"
"184","6.23 mi","818 C","311 ml","3.8 Impacting","0.2 No Benefit","161 bpm","180 bpm","51:46","52:01","7.2 mph","7.2 mph","8.7 mph","151 spm","161 spm","1.28 m",2021-03-23,"6:22 AM"
"185","3.40 mi","422 C","167 ml","3.1 Impacting","0.0 No Benefit","153 bpm","170 bpm","27:54","28:36","7.3 mph","7.3 mph","8.2 mph","153 spm","164 spm","1.28 m",2021-03-22,"6:55 AM"
"186","3.43 mi","457 C","189 ml","3.0 Impacting","0.0 No Benefit","149 bpm","177 bpm","31:36","31:42","6.5 mph","6.5 mph","8.8 mph","150 spm","210 spm","1.17 m",2021-03-21,"7:56 AM"
"187","3.01 mi","375 C","197 ml","2.0 Maintaining","0.0 No Benefit","134 bpm","155 bpm","32:53","32:54","5.5 mph","5.5 mph","6.4 mph","145 spm","154 spm","1.01 m",2021-03-20,"7:58 AM"
"188","3.00 mi","404 C","184 ml","2.3 Maintaining","0.0 No Benefit","143 bpm","153 bpm","30:46","30:47","5.9 mph","5.9 mph","7.0 mph","145 spm","155 spm","1.08 m",2021-03-15,"5:46 PM"
"189","13.10 mi","1,536 C","619 ml","4.3 Highly Impacting","0.7 No Benefit","160 bpm","177 bpm","1:42:28","1:47:41","7.6 mph","7.7 mph","10.9 mph","152 spm","184 spm","1.35 m",2021-03-13,"7:01 AM"
"190","3.00 mi","383 C","169 ml","2.4 Maintaining","0.0 No Benefit","144 bpm","158 bpm","28:13","28:14","6.4 mph","6.4 mph","7.0 mph","145 spm","155 spm","1.18 m",2021-03-12,"5:05 PM"
"191","7.01 mi","888 C","335 ml","3.9 Impacting","0.0 No Benefit","162 bpm","176 bpm","55:45","56:42","7.5 mph","7.5 mph","9.4 mph","150 spm","184 spm","1.34 m",2021-03-12,"6:37 AM"
"192","8.00 mi","952 C","371 ml","3.9 Impacting","0.1 No Benefit","162 bpm","177 bpm","1:01:37","1:02:17","7.8 mph","7.8 mph","8.8 mph","155 spm","167 spm","1.34 m",2021-03-11,"6:29 AM"
"193","3.01 mi","411 C","173 ml","2.7 Maintaining","0.0 No Benefit","146 bpm","160 bpm","28:55","29:01","6.2 mph","6.2 mph","8.3 mph","146 spm","173 spm","1.15 m",2021-03-10,"5:06 PM"
"194","3.00 mi","433 C","187 ml","2.6 Maintaining","0.0 No Benefit","148 bpm","160 bpm","31:14","31:15","5.8 mph","5.8 mph","7.7 mph","145 spm","159 spm","1.07 m",2021-03-10,"6:33 AM"
"195","8.01 mi","999 C","380 ml","3.9 Impacting","0.7 No Benefit","161 bpm","188 bpm","1:03:11","1:04:29","7.6 mph","7.6 mph","9.4 mph","153 spm","190 spm","1.33 m",2021-03-09,"6:32 AM"
"196","14.01 mi","1,603 C","705 ml","3.9 Impacting","1.0 Some Benefit","156 bpm","178 bpm","1:56:56","2:04:17","7.1 mph","7.2 mph","11.8 mph","147 spm","188 spm","1.30 m",2021-03-07,"8:10 AM"
"197","4.01 mi","558 C","241 ml","2.8 Maintaining","0.0 No Benefit","147 bpm","162 bpm","40:10","40:16","6.0 mph","6.0 mph","7.5 mph","141 spm","157 spm","1.13 m",2021-03-06,"9:48 AM"
"198","5.01 mi","609 C","212 ml","3.9 Impacting","0.0 No Benefit","172 bpm","183 bpm","35:25","35:27","8.5 mph","8.5 mph","10.6 mph","155 spm","178 spm","1.47 m",2021-03-05,"4:44 PM"
"199","8.01 mi","1,010 C","386 ml","3.9 Impacting","0.1 No Benefit","160 bpm","179 bpm","1:04:16","1:04:54","7.5 mph","7.5 mph","9.3 mph","148 spm","169 spm","1.35 m",2021-03-04,"6:10 AM"
"200","3.00 mi","388 C","183 ml","2.2 Maintaining","0.0 No Benefit","140 bpm","157 bpm","30:31","30:32","5.9 mph","5.9 mph","7.2 mph","147 spm","156 spm","1.08 m",2021-03-03,"6:46 AM"
"201","8.01 mi","1,021 C","389 ml","3.9 Impacting","0.3 No Benefit","161 bpm","177 bpm","1:04:32","1:07:16","7.4 mph","7.4 mph","9.0 mph","151 spm","173 spm","1.31 m",2021-03-02,"6:39 AM"
"202","12.00 mi","1,474 C","575 ml","4.3 Highly Impacting","0.1 No Benefit","162 bpm","176 bpm","1:35:10","1:40:47","7.5 mph","7.6 mph","12.0 mph","150 spm","171 spm","1.34 m",2021-02-28,"8:07 AM"
"203","3.86 mi","527 C","219 ml","2.9 Maintaining","0.0 No Benefit","150 bpm","161 bpm","36:25","37:15","6.3 mph","6.4 mph","7.6 mph","145 spm","196 spm","1.17 m",2021-02-27,"10:23 AM"
"204","5.01 mi","603 C","226 ml","3.5 Impacting","0.0 No Benefit","162 bpm","180 bpm","37:42","37:49","8.0 mph","8.0 mph","9.7 mph","152 spm","172 spm","1.40 m",2021-02-26,"5:02 PM"
"205","8.01 mi","996 C","374 ml","4.1 Highly Impacting","0.9 No Benefit","163 bpm","179 bpm","1:02:13","1:03:09","7.7 mph","7.7 mph","14.4 mph","151 spm","190 spm","1.36 m",2021-02-25,"6:25 AM"
"206","3.00 mi","391 C","163 ml","2.6 Maintaining","0.0 No Benefit","148 bpm","164 bpm","27:19","27:55","6.6 mph","6.6 mph","9.2 mph","145 spm","162 spm","1.22 m",2021-02-24,"5:41 PM"
"207","6.22 mi","799 C","290 ml","4.0 Highly Impacting","0.0 No Benefit","166 bpm","182 bpm","48:15","48:40","7.7 mph","7.7 mph","8.8 mph","152 spm","167 spm","1.36 m",2021-02-23,"6:40 AM"
"208","16.00 mi","1,924 C","793 ml","4.5 Highly Impacting","0.5 No Benefit","160 bpm","178 bpm","2:11:44","2:16:25","7.3 mph","7.3 mph","10.9 mph","148 spm","184 spm","1.32 m",2021-02-21,"7:31 AM"
"209","4.00 mi","567 C","240 ml","3.0 Impacting","0.0 No Benefit","150 bpm","166 bpm","39:50","39:59","6.0 mph","6.0 mph","6.8 mph","143 spm","158 spm","1.13 m",2021-02-20,"8:28 AM"
"210","5.01 mi","632 C","230 ml","3.8 Impacting","0.0 No Benefit","166 bpm","183 bpm","38:27","38:30","7.8 mph","7.8 mph","10.9 mph","151 spm","160 spm","1.39 m",2021-02-19,"6:43 AM"
"211","8.01 mi","977 C","361 ml","4.3 Highly Impacting","0.3 No Benefit","166 bpm","179 bpm","1:00:05","1:01:06","8.0 mph","8.0 mph","12.5 mph","151 spm","184 spm","1.42 m",2021-02-18,"7:14 AM"
"212","3.00 mi","409 C","184 ml","2.4 Maintaining","0.0 No Benefit","145 bpm","166 bpm","30:46","30:47","5.9 mph","5.9 mph","7.3 mph","142 spm","152 spm","1.11 m",2021-02-17,"6:45 AM"
"213","8.23 mi","1,063 C","388 ml","4.4 Highly Impacting","0.6 No Benefit","167 bpm","179 bpm","1:04:41","1:05:01","7.6 mph","7.6 mph","11.7 mph","147 spm","173 spm","1.39 m",2021-02-16,"6:51 AM"
"214","14.01 mi","1,751 C","687 ml","4.7 Highly Impacting","1.8 Some Benefit","163 bpm","176 bpm","1:54:34","1:54:37","7.3 mph","7.3 mph","9.6 mph","147 spm","160 spm","1.34 m",2021-02-14,"7:24 AM"
"215","3.10 mi","458 C","180 ml","3.1 Impacting","0.1 No Benefit","156 bpm","169 bpm","30:01","30:02","6.2 mph","6.2 mph","8.1 mph","142 spm","158 spm","1.17 m",2021-02-13,"8:50 AM"
"216","5.01 mi","585 C","215 ml","3.9 Impacting","0.1 No Benefit","167 bpm","184 bpm","35:49","35:57","8.4 mph","8.4 mph","10.5 mph","153 spm","170 spm","1.47 m",2021-02-12,"6:44 AM"
"217","7.01 mi","898 C","330 ml","4.3 Highly Impacting","0.2 No Benefit","167 bpm","180 bpm","54:47","56:11","7.6 mph","7.7 mph","10.7 mph","146 spm","186 spm","1.40 m",2021-02-11,"6:37 AM"
"218","3.13 mi","420 C","197 ml","2.4 Maintaining","0.0 No Benefit","144 bpm","169 bpm","32:50","32:57","5.7 mph","5.7 mph","7.4 mph","141 spm","164 spm","1.09 m",2021-02-10,"6:36 AM"
"219","8.15 mi","1,064 C","400 ml","4.3 Highly Impacting","0.2 No Benefit","165 bpm","180 bpm","1:06:19","1:07:02","7.3 mph","7.4 mph","9.5 mph","147 spm","245 spm","1.34 m",2021-02-09,"6:25 AM"
"220","12.01 mi","1,462 C","588 ml","4.5 Highly Impacting","0.7 No Benefit","162 bpm","179 bpm","1:37:47","1:44:25","7.3 mph","7.4 mph","10.0 mph","147 spm","173 spm","1.34 m",2021-02-07,"8:24 AM"
"221","3.02 mi","410 C","174 ml","2.8 Maintaining","0.0 No Benefit","150 bpm","165 bpm","29:01","29:19","6.2 mph","6.2 mph","7.1 mph","143 spm","152 spm","1.17 m",2021-02-06,"8:45 AM"
"222","5.02 mi","614 C","216 ml","4.0 Highly Impacting","0.1 No Benefit","174 bpm","184 bpm","36:05","36:06","8.3 mph","8.3 mph","10.2 mph","152 spm","169 spm","1.47 m",2021-02-05,"4:54 PM"
"223","8.10 mi","1,008 C","397 ml","4.0 Highly Impacting","0.1 No Benefit","161 bpm","180 bpm","1:06:08","1:06:14","7.3 mph","7.3 mph","8.3 mph","147 spm","164 spm","1.34 m",2021-02-04,"6:34 AM"
"224","3.01 mi","424 C","184 ml","2.6 Maintaining","0.0 No Benefit","148 bpm","169 bpm","30:45","30:45","5.9 mph","5.9 mph","7.6 mph","142 spm","155 spm","1.11 m",2021-02-03,"6:38 AM"
"225","7.25 mi","933 C","359 ml","3.9 Impacting","1.8 Some Benefit","160 bpm","180 bpm","59:47","1:00:57","7.3 mph","7.3 mph","8.2 mph","145 spm","158 spm","1.34 m",2021-02-02,"6:46 AM"
"226","10.00 mi","1,239 C","497 ml","4.2 Highly Impacting","0.2 No Benefit","162 bpm","174 bpm","1:22:43","1:23:30","7.2 mph","7.3 mph","8.5 mph","146 spm","164 spm","1.33 m",2021-01-31,"12:06 PM"
"227","3.48 mi","423 C","161 ml","3.2 Impacting","0.0 No Benefit","162 bpm","173 bpm","26:34","27:05","7.8 mph","7.8 mph","9.5 mph","147 spm","164 spm","1.41 m",2021-01-29,"4:39 PM"
"228","5.52 mi","665 C","253 ml","3.6 Impacting","0.9 No Benefit","163 bpm","180 bpm","41:44","49:04","7.9 mph","7.9 mph","12.5 mph","147 spm","221 spm","1.43 m",2021-01-28,"5:37 PM"
"229","3.01 mi","398 C","187 ml","2.3 Maintaining","0.0 No Benefit","143 bpm","155 bpm","31:19","31:20","5.8 mph","5.8 mph","6.8 mph","142 spm","155 spm","1.09 m",2021-01-27,"5:48 PM"
"230","7.01 mi","868 C","326 ml","4.1 Highly Impacting","0.2 No Benefit","165 bpm","181 bpm","54:17","55:14","7.7 mph","7.7 mph","10.7 mph","147 spm","218 spm","1.41 m",2021-01-26,"4:28 PM"
"231","12.01 mi","1,528 C","600 ml","4.5 Highly Impacting","0.2 No Benefit","162 bpm","176 bpm","1:39:42","1:43:02","7.2 mph","7.2 mph","11.2 mph","146 spm","167 spm","1.32 m",2021-01-24,"8:47 AM"
"232","3.02 mi","432 C","180 ml","2.8 Maintaining","0.0 No Benefit","150 bpm","166 bpm","30:05","30:05","6.0 mph","6.0 mph","7.1 mph","143 spm","152 spm","1.13 m",2021-01-23,"8:25 AM"
"233","5.00 mi","631 C","228 ml","3.9 Impacting","0.1 No Benefit","169 bpm","182 bpm","38:07","38:09","7.9 mph","7.9 mph","9.0 mph","148 spm","160 spm","1.42 m",2021-01-22,"7:18 AM"
"234","8.00 mi","1,014 C","387 ml","4.2 Highly Impacting","0.1 No Benefit","162 bpm","179 bpm","1:04:29","1:05:00","7.4 mph","7.4 mph","9.4 mph","148 spm","184 spm","1.35 m",2021-01-21,"6:52 AM"
"235","3.06 mi","396 C","179 ml","2.5 Maintaining","0.0 No Benefit","144 bpm","156 bpm","29:51","29:53","6.2 mph","6.2 mph","7.2 mph","142 spm","152 spm","1.16 m",2021-01-20,"6:23 AM"
"236","7.00 mi","795 C","342 ml","3.4 Impacting","0.2 No Benefit","151 bpm","179 bpm","56:46","57:49","7.4 mph","7.4 mph","9.0 mph","148 spm","170 spm","1.33 m",2021-01-19,"6:32 AM"
"237","12.01 mi","1,395 C","593 ml","4.1 Highly Impacting","0.3 No Benefit","157 bpm","177 bpm","1:38:22","1:42:00","7.3 mph","7.3 mph","10.4 mph","145 spm","187 spm","1.35 m",2021-01-17,"7:59 AM"
"238","3.25 mi","461 C","196 ml","2.8 Maintaining","0.0 No Benefit","149 bpm","161 bpm","32:46","32:47","5.9 mph","5.9 mph","7.7 mph","142 spm","160 spm","1.13 m",2021-01-16,"7:37 AM"
"239","3.11 mi","332 C","121 ml","3.2 Impacting","0.6 No Benefit","167 bpm","182 bpm","20:17","20:25","9.2 mph","9.2 mph","10.5 mph","162 spm","172 spm","1.52 m",2021-01-15,"6:53 AM"
"240","7.01 mi","844 C","335 ml","3.8 Impacting","0.1 No Benefit","161 bpm","174 bpm","55:45","56:25","7.5 mph","7.5 mph","8.6 mph","147 spm","163 spm","1.37 m",2021-01-14,"6:31 AM"
"241","3.23 mi","431 C","191 ml","2.6 Maintaining","0.0 No Benefit","145 bpm","165 bpm","31:57","31:58","6.1 mph","6.1 mph","7.4 mph","144 spm","155 spm","1.13 m",2021-01-13,"5:53 AM"
"242","7.00 mi","898 C","342 ml","4.0 Highly Impacting","0.3 No Benefit","162 bpm","179 bpm","56:54","57:25","7.4 mph","7.4 mph","8.4 mph","149 spm","162 spm","1.33 m",2021-01-12,"6:29 AM"
"243","10.74 mi","1,425 C","590 ml","4.4 Highly Impacting","0.1 No Benefit","161 bpm","176 bpm","1:33:26","1:36:56","6.9 mph","6.9 mph","8.7 mph","151 spm","166 spm","1.23 m",2021-01-10,"10:03 AM"
"244","3.01 mi","387 C","174 ml","2.4 Maintaining","0.0 No Benefit","144 bpm","165 bpm","29:06","29:06","6.2 mph","6.2 mph","7.2 mph","144 spm","155 spm","1.16 m",2021-01-09,"8:48 AM"
"245","3.53 mi","443 C","170 ml","3.2 Impacting","0.0 No Benefit","158 bpm","175 bpm","28:27","28:29","7.4 mph","7.4 mph","8.5 mph","149 spm","165 spm","1.34 m",2021-01-08,"5:09 PM"
"246","4.01 mi","491 C","181 ml","3.5 Impacting","1.2 Some Benefit","163 bpm","185 bpm","30:13","30:14","7.9 mph","8.0 mph","10.1 mph","153 spm","165 spm","1.40 m",2021-01-07,"6:33 AM"
"247","4.01 mi","497 C","198 ml","3.1 Impacting","0.1 No Benefit","154 bpm","171 bpm","32:58","33:00","7.3 mph","7.3 mph","8.1 mph","148 spm","165 spm","1.32 m",2021-01-06,"6:22 AM"
"248","7.01 mi","935 C","404 ml","3.3 Impacting","0.0 No Benefit","151 bpm","172 bpm","1:07:24","1:07:41","6.2 mph","6.2 mph","8.3 mph","144 spm","165 spm","1.16 m",2021-01-05,"6:46 AM"
"249","4.01 mi","502 C","188 ml","3.4 Impacting","0.7 No Benefit","161 bpm","187 bpm","31:24","31:25","7.7 mph","7.7 mph","9.1 mph","150 spm","160 spm","1.37 m",2021-01-04,"6:12 AM"
"250","10.00 mi","1,269 C","484 ml","4.3 Highly Impacting","0.2 No Benefit","162 bpm","181 bpm","1:20:42","1:20:51","7.4 mph","7.4 mph","9.7 mph","148 spm","167 spm","1.35 m",2021-01-02,"7:58 AM"
"251","7.01 mi","876 C","316 ml","4.3 Highly Impacting","0.0 No Benefit","168 bpm","178 bpm","52:44","53:13","8.0 mph","8.0 mph","10.0 mph","151 spm","173 spm","1.42 m",2020-12-31,"7:14 AM"
"252","3.01 mi","366 C","141 ml","3.1 Impacting","0.0 No Benefit","156 bpm","178 bpm","23:34","23:34","7.7 mph","7.7 mph","8.4 mph","150 spm","162 spm","1.37 m",2020-12-30,"9:53 AM"
"253","4.36 mi","529 C","193 ml","3.6 Impacting","0.0 No Benefit","165 bpm","180 bpm","32:14","32:47","8.1 mph","8.1 mph","9.7 mph","151 spm","169 spm","1.44 m",2020-12-29,"9:13 AM"
"254","4.01 mi","512 C","175 ml","4.0 Highly Impacting","0.6 No Benefit","175 bpm","188 bpm","29:14","29:14","8.2 mph","8.2 mph","9.4 mph","148 spm","188 spm","1.49 m",2020-12-28,"9:25 AM"
"255","6.01 mi","707 C","260 ml","3.9 Impacting","0.0 No Benefit","165 bpm","178 bpm","43:14","44:02","8.3 mph","8.3 mph","10.1 mph","154 spm","167 spm","1.44 m",2020-12-23,"6:45 AM"
"256","4.00 mi","523 C","193 ml","3.4 Impacting","0.0 No Benefit","163 bpm","174 bpm","32:16","32:18","7.4 mph","7.4 mph","8.9 mph","148 spm","164 spm","1.35 m",2020-12-22,"7:16 AM"
"257","14.01 mi","1,672 C","701 ml","4.2 Highly Impacting","0.3 No Benefit","157 bpm","177 bpm","1:56:12","2:03:20","7.2 mph","7.2 mph","9.5 mph","146 spm","173 spm","1.32 m",2020-12-20,"7:57 AM"
"258","5.00 mi","607 C","225 ml","3.6 Impacting","0.0 No Benefit","162 bpm","179 bpm","37:35","37:38","8.0 mph","8.0 mph","10.4 mph","152 spm","164 spm","1.41 m",2020-12-18,"7:15 AM"
"259","6.23 mi","767 C","268 ml","4.3 Highly Impacting","0.0 No Benefit","172 bpm","183 bpm","44:35","45:08","8.3 mph","8.4 mph","9.5 mph","151 spm","162 spm","1.48 m",2020-12-17,"6:30 AM"
"260","3.60 mi","459 C","176 ml","3.1 Impacting","0.0 No Benefit","156 bpm","168 bpm","29:26","29:28","7.3 mph","7.3 mph","8.2 mph","147 spm","157 spm","1.34 m",2020-12-16,"6:44 AM"
"261","7.34 mi","893 C","329 ml","4.0 Highly Impacting","1.0 Some Benefit","165 bpm","180 bpm","54:48","55:28","8.0 mph","8.0 mph","11.1 mph","152 spm","182 spm","1.42 m",2020-12-15,"6:22 AM"
"262","12.01 mi","1,389 C","646 ml","3.8 Impacting","0.0 No Benefit","153 bpm","173 bpm","1:47:32","1:55:37","6.7 mph","6.7 mph","8.9 mph","141 spm","189 spm","1.27 m",2020-12-13,"7:24 AM"
"263","3.51 mi","502 C","202 ml","3.0 Impacting","0.0 No Benefit","152 bpm","164 bpm","33:46","33:47","6.2 mph","6.2 mph","8.2 mph","142 spm","152 spm","1.17 m",2020-12-11,"6:59 AM"
"264","6.58 mi","838 C","280 ml","4.7 Highly Impacting","0.0 No Benefit","176 bpm","184 bpm","46:27","47:55","8.4 mph","8.5 mph","9.5 mph","153 spm","171 spm","1.48 m",2020-12-10,"6:34 AM"
"265","6.20 mi","837 C","324 ml","3.5 Impacting","0.0 No Benefit","155 bpm","174 bpm","53:58","54:22","6.9 mph","6.9 mph","8.1 mph","145 spm","158 spm","1.28 m",2020-12-09,"6:22 AM"
"266","5.63 mi","622 C","253 ml","3.2 Impacting","2.2 Maintaining","155 bpm","181 bpm","42:14","50:28","8.0 mph","8.0 mph","12.0 mph","154 spm","188 spm","1.37 m",2020-12-08,"6:34 AM"
"267","12.01 mi","1,483 C","613 ml","4.3 Highly Impacting","0.2 No Benefit","159 bpm","183 bpm","1:42:12","1:42:33","7.0 mph","7.0 mph","11.8 mph","146 spm","196 spm","1.29 m",2020-12-06,"7:52 AM"
"268","6.22 mi","737 C","259 ml","4.0 Highly Impacting","0.8 No Benefit","168 bpm","182 bpm","43:17","43:31","8.6 mph","8.6 mph","11.1 mph","156 spm","169 spm","1.48 m",2020-12-03,"6:59 AM"
"269","3.46 mi","419 C","180 ml","2.7 Maintaining","0.0 No Benefit","143 bpm","169 bpm","30:05","30:05","6.9 mph","6.9 mph","8.6 mph","146 spm","160 spm","1.27 m",2020-12-02,"6:32 AM"
"270","6.46 mi","721 C","291 ml","3.4 Impacting","2.2 Maintaining","157 bpm","180 bpm","48:27","56:56","8.0 mph","8.0 mph","11.8 mph","153 spm","186 spm","1.39 m",2020-12-01,"6:23 AM"
"271","11.00 mi","1,349 C","563 ml","3.9 Impacting","0.2 No Benefit","155 bpm","172 bpm","1:33:46","1:35:36","7.0 mph","7.0 mph","11.4 mph","145 spm","167 spm","1.30 m",2020-11-29,"7:18 AM"
"272","3.23 mi","391 C","138 ml","3.3 Impacting","0.5 No Benefit","168 bpm","178 bpm","23:11","23:14","8.3 mph","8.4 mph","9.7 mph","153 spm","166 spm","1.47 m",2020-11-28,"9:05 AM"
"273","6.50 mi","816 C","291 ml","4.3 Highly Impacting","0.0 No Benefit","168 bpm","181 bpm","48:30","48:46","8.0 mph","8.0 mph","9.6 mph","152 spm","178 spm","1.42 m",2020-11-27,"7:37 AM"
"274","3.54 mi","456 C","179 ml","3.0 Impacting","0.0 No Benefit","153 bpm","165 bpm","29:55","29:56","7.1 mph","7.1 mph","7.9 mph","149 spm","160 spm","1.27 m",2020-11-25,"7:27 AM"
"275","0.70 mi","79 C","35 ml","1.0 Some Benefit","0.0 No Benefit","137 bpm","151 bpm","5:59","6:12.4","7.0 mph","7.0 mph","8.9 mph","146 spm","158 spm","1.29 m",2020-11-24,"7:27 AM"
"276","3.83 mi","401 C","162 ml","3.0 Impacting","2.0 Maintaining","157 bpm","187 bpm","26:52","31:20","8.5 mph","8.6 mph","14.1 mph","155 spm","194 spm","1.44 m",2020-11-24,"6:53 AM"
"277","2.46 mi","309 C","118 ml","2.8 Maintaining","0.0 No Benefit","157 bpm","170 bpm","19:41","19:42","7.5 mph","7.5 mph","8.5 mph","149 spm","164 spm","1.35 m",2020-11-24,"6:30 AM"
"278","13.04 mi","1,863 C","696 ml","5.0 Overreaching","0.3 No Benefit","167 bpm","179 bpm","1:55:59","2:01:32","6.7 mph","6.7 mph","8.6 mph","148 spm","171 spm","1.22 m",2020-11-22,"9:22 AM"
"279","4.00 mi","516 C","191 ml","3.4 Impacting","0.1 No Benefit","161 bpm","174 bpm","31:57","32:07","7.5 mph","7.5 mph","8.4 mph","146 spm","164 spm","1.38 m",2020-11-20,"4:41 PM"
"280","5.01 mi","571 C","201 ml","3.8 Impacting","0.2 No Benefit","171 bpm","182 bpm","33:34","33:35","8.9 mph","8.9 mph","10.8 mph","157 spm","176 spm","1.53 m",2020-11-19,"5:39 PM"
"281","4.01 mi","517 C","198 ml","3.3 Impacting","0.0 No Benefit","157 bpm","170 bpm","33:07","33:08","7.3 mph","7.3 mph","9.4 mph","145 spm","164 spm","1.34 m",2020-11-18,"5:50 PM"
"282","5.04 mi","560 C","204 ml","3.7 Impacting","0.2 No Benefit","167 bpm","182 bpm","33:59","34:02","8.9 mph","8.9 mph","11.4 mph","155 spm","176 spm","1.54 m",2020-11-17,"5:04 PM"
"283","13.44 mi","1,810 C","738 ml","4.5 Highly Impacting","0.0 No Benefit","160 bpm","173 bpm","2:02:51","2:12:48","6.6 mph","6.6 mph","8.5 mph","152 spm","170 spm","1.16 m",2020-11-15,"8:33 AM"
"284","5.01 mi","621 C","245 ml","3.4 Impacting","0.1 No Benefit","157 bpm","170 bpm","40:51","40:59","7.3 mph","7.4 mph","9.0 mph","146 spm","164 spm","1.35 m",2020-11-13,"5:12 PM"
"285","4.55 mi","547 C","202 ml","3.8 Impacting","2.0 Maintaining","166 bpm","184 bpm","33:23","38:51","8.1 mph","8.2 mph","12.1 mph","148 spm","192 spm","1.47 m",2020-11-12,"5:31 PM"
"286","5.00 mi","598 C","216 ml","3.9 Impacting","0.0 No Benefit","169 bpm","182 bpm","36:06","36:12","8.3 mph","8.3 mph","10.0 mph","151 spm","173 spm","1.47 m",2020-11-10,"4:11 PM"
"287","4.00 mi","514 C","198 ml","3.3 Impacting","0.0 No Benefit","158 bpm","173 bpm","32:59","33:01","7.3 mph","7.3 mph","9.8 mph","144 spm","162 spm","1.36 m",2020-11-09,"5:33 PM"
"288","12.01 mi","1,446 C","577 ml","4.6 Highly Impacting","1.1 Some Benefit","162 bpm","187 bpm","1:35:54","1:37:53","7.5 mph","7.5 mph","10.0 mph","147 spm","196 spm","1.37 m",2020-11-08,"6:58 AM"
"289","3.13 mi","348 C","120 ml","3.3 Impacting","0.4 No Benefit","174 bpm","185 bpm","20:06","20:13","9.3 mph","9.3 mph","10.9 mph","158 spm","176 spm","1.58 m",2020-11-06,"4:56 PM"
"290","6.51 mi","784 C","308 ml","3.5 Impacting","0.1 No Benefit","158 bpm","180 bpm","51:19","52:40","7.6 mph","7.6 mph","9.6 mph","145 spm","178 spm","1.41 m",2020-11-05,"5:05 PM"
"291","3.12 mi","336 C","118 ml","3.3 Impacting","0.9 No Benefit","173 bpm","184 bpm","19:42","19:44","9.5 mph","9.5 mph","11.0 mph","159 spm","174 spm","1.60 m",2020-11-04,"5:48 PM"
"292","7.01 mi","871 C","325 ml","4.0 Highly Impacting","1.6 Some Benefit","164 bpm","188 bpm","54:06","54:42","7.8 mph","7.8 mph","10.6 mph","148 spm","182 spm","1.41 m",2020-11-03,"6:10 AM"
"293","7.01 mi","856 C","314 ml","4.2 Highly Impacting","0.4 No Benefit","166 bpm","179 bpm","52:14","53:04","8.0 mph","8.0 mph","11.1 mph","147 spm","172 spm","1.47 m",2020-11-01,"3:21 PM"
"294","7.01 mi","823 C","333 ml","3.6 Impacting","0.4 No Benefit","157 bpm","174 bpm","55:24","57:39","7.6 mph","7.6 mph","10.0 mph","149 spm","173 spm","1.36 m",2020-10-30,"6:31 AM"
"295","3.13 mi","367 C","130 ml","3.4 Impacting","1.3 Some Benefit","172 bpm","181 bpm","21:42","22:46","8.6 mph","8.6 mph","10.4 mph","151 spm","166 spm","1.53 m",2020-10-29,"12:45 PM"
"296","2.22 mi","293 C","114 ml","3.0 Impacting","0.0 No Benefit","158 bpm","175 bpm","19:07","22:58","7.0 mph","7.0 mph","12.4 mph","147 spm","179 spm","1.27 m",2020-10-27,"6:21 AM"
"297","2.55 mi","248 C","105 ml","2.8 Maintaining","2.3 Maintaining","153 bpm","182 bpm","17:30","29:10","8.7 mph","8.8 mph","15.0 mph","151 spm","196 spm","1.52 m",2020-10-27,"5:48 AM"
"298","4.66 mi","585 C","211 ml","3.8 Impacting","0.1 No Benefit","168 bpm","180 bpm","35:19","35:19","7.9 mph","7.9 mph","8.8 mph","147 spm","158 spm","1.44 m",2020-10-25,"1:29 PM"
"299","3.38 mi","405 C","158 ml","3.1 Impacting","0.0 No Benefit","156 bpm","167 bpm","26:21","26:23","7.7 mph","7.7 mph","8.7 mph","149 spm","164 spm","1.38 m",2020-10-23,"6:38 AM"
"300","11.02 mi","1,389 C","507 ml","5.0 Overreaching","1.0 Some Benefit","170 bpm","184 bpm","1:24:30","1:26:45","7.8 mph","7.8 mph","9.7 mph","148 spm","190 spm","1.42 m",2020-10-22,"6:24 AM"
"301","5.64 mi","647 C","254 ml","3.6 Impacting","0.2 No Benefit","157 bpm","177 bpm","42:16","43:11","8.0 mph","8.0 mph","11.0 mph","148 spm","176 spm","1.45 m",2020-10-20,"6:32 AM"
"302","1.12 mi","126 C","50 ml","2.1 Maintaining","0.2 No Benefit","152 bpm","166 bpm","8:20","8:54.1","8.0 mph","8.1 mph","8.8 mph","148 spm","168 spm","1.45 m",2020-10-18,"11:21 AM"
"303","7.05 mi","911 C","381 ml","3.5 Impacting","0.1 No Benefit","153 bpm","165 bpm","1:03:11","1:05:23","6.7 mph","6.7 mph","13.5 mph","149 spm","184 spm","1.20 m",2020-10-18,"9:01 AM"
"304","5.01 mi","613 C","217 ml","3.9 Impacting","0.0 No Benefit","169 bpm","184 bpm","36:14","36:15","8.3 mph","8.3 mph","13.3 mph","148 spm","176 spm","1.50 m",2020-10-15,"6:29 AM"
"305","3.40 mi","418 C","191 ml","2.5 Maintaining","0.0 No Benefit","140 bpm","157 bpm","31:52","32:06","6.4 mph","6.4 mph","7.4 mph","145 spm","159 spm","1.19 m",2020-10-14,"5:33 AM"
"306","5.55 mi","673 C","247 ml","4.0 Highly Impacting","0.0 No Benefit","165 bpm","181 bpm","41:10","41:43","8.1 mph","8.1 mph","9.5 mph","147 spm","211 spm","1.47 m",2020-10-13,"6:33 AM"
"307","10.51 mi","1,379 C","485 ml","5.0 Overreaching","1.2 Some Benefit","174 bpm","186 bpm","1:20:47","1:28:59","7.8 mph","7.8 mph","10.1 mph","146 spm","164 spm","1.43 m",2020-10-11,"7:12 AM"
"308","4.51 mi","572 C","201 ml","3.8 Impacting","0.0 No Benefit","169 bpm","183 bpm","33:26","34:06","8.1 mph","8.1 mph","9.2 mph","147 spm","160 spm","1.48 m",2020-10-09,"6:36 AM"
"309","3.30 mi","382 C","137 ml","3.3 Impacting","0.0 No Benefit","165 bpm","182 bpm","22:52","22:53","8.7 mph","8.7 mph","9.6 mph","148 spm","160 spm","1.55 m",2020-10-08,"6:57 AM"
"310","6.23 mi","744 C","264 ml","4.2 Highly Impacting","0.3 No Benefit","168 bpm","183 bpm","43:59","44:09","8.5 mph","8.5 mph","11.3 mph","148 spm","164 spm","1.53 m",2020-10-07,"6:24 AM"
"311","3.12 mi","342 C","126 ml","3.1 Impacting","1.7 Some Benefit","159 bpm","185 bpm","21:04","21:05","8.9 mph","8.9 mph","9.9 mph","151 spm","167 spm","1.58 m",2020-10-06,"7:10 AM"
"312","3.01 mi","350 C","120 ml","3.4 Impacting","1.7 Some Benefit","173 bpm","187 bpm","19:59","20:24","9.0 mph","9.0 mph","10.1 mph","149 spm","164 spm","1.62 m",2020-10-05,"4:34 PM"
"313","8.26 mi","1,015 C","358 ml","4.8 Highly Impacting","0.0 No Benefit","169 bpm","181 bpm","59:37","1:00:30","8.3 mph","8.3 mph","9.7 mph","147 spm","169 spm","1.52 m",2020-09-29,"6:36 AM"
"314","3.12 mi","361 C","128 ml","3.3 Impacting","0.0 No Benefit","166 bpm","186 bpm","21:28","21:29","8.7 mph","8.7 mph","9.9 mph","148 spm","170 spm","1.58 m",2020-09-28,"7:02 AM"
"315","6.22 mi","767 C","274 ml","4.0 Highly Impacting","0.3 No Benefit","165 bpm","182 bpm","45:41","46:34","8.2 mph","8.2 mph","9.8 mph","146 spm","161 spm","1.50 m",2020-09-24,"6:42 AM"
"316","4.01 mi","488 C","169 ml","3.6 Impacting","0.2 No Benefit","169 bpm","186 bpm","28:14","28:15","8.5 mph","8.5 mph","9.5 mph","147 spm","160 spm","1.55 m",2020-09-23,"6:48 AM"
"317","3.16 mi","365 C","125 ml","3.3 Impacting","0.0 No Benefit","169 bpm","191 bpm","20:57","20:58","9.0 mph","9.0 mph","9.8 mph","151 spm","164 spm","1.60 m",2020-09-22,"7:07 AM"
"318","11.01 mi","1,259 C","490 ml","4.2 Highly Impacting","0.0 No Benefit","160 bpm","181 bpm","1:21:40","1:22:52","8.1 mph","8.1 mph","11.5 mph","149 spm","170 spm","1.46 m",2020-09-20,"6:59 AM"
"319","5.00 mi","642 C","214 ml","4.2 Highly Impacting","0.6 No Benefit","175 bpm","188 bpm","35:39","35:40","8.4 mph","8.4 mph","9.9 mph","148 spm","169 spm","1.52 m",2020-09-18,"7:02 AM"
"320","6.22 mi","827 C","269 ml","4.8 Highly Impacting","0.7 No Benefit","178 bpm","189 bpm","44:50","45:00","8.3 mph","8.3 mph","10.8 mph","147 spm","162 spm","1.52 m",2020-09-16,"6:33 AM"
"321","3.12 mi","359 C","125 ml","3.3 Impacting","1.9 Some Benefit","167 bpm","189 bpm","20:57","20:58","8.9 mph","8.9 mph","10.0 mph","150 spm","164 spm","1.60 m",2020-09-14,"6:59 AM"
"322","3.20 mi","367 C","136 ml","3.1 Impacting","0.1 No Benefit","160 bpm","185 bpm","22:46","23:08","8.4 mph","8.4 mph","11.5 mph","147 spm","166 spm","1.54 m",2020-09-11,"6:48 AM"
"323","3.11 mi","361 C","133 ml","3.0 Impacting","0.1 No Benefit","160 bpm","179 bpm","22:11","22:12","8.4 mph","8.4 mph","9.2 mph","149 spm","161 spm","1.52 m",2020-09-10,"6:19 AM"
"324","6.22 mi","795 C","278 ml","4.0 Highly Impacting","0.1 No Benefit","167 bpm","182 bpm","46:17","46:50","8.0 mph","8.1 mph","11.9 mph","147 spm","178 spm","1.47 m",2020-09-09,"6:25 AM"
"325","3.11 mi","347 C","125 ml","3.1 Impacting","0.0 No Benefit","162 bpm","182 bpm","20:59","21:00","8.9 mph","8.9 mph","10.0 mph","151 spm","167 spm","1.58 m",2020-09-08,"6:11 AM"
"326","11.01 mi","1,390 C","491 ml","4.6 Highly Impacting","0.6 No Benefit","167 bpm","177 bpm","1:21:42","1:22:17","8.1 mph","8.1 mph","10.0 mph","146 spm","160 spm","1.48 m",2020-09-06,"6:44 AM"
"327","5.01 mi","609 C","210 ml","3.8 Impacting","0.5 No Benefit","169 bpm","188 bpm","35:02","35:05","8.6 mph","8.6 mph","10.5 mph","150 spm","168 spm","1.53 m",2020-09-04,"7:15 AM"
"328","4.54 mi","602 C","209 ml","3.6 Impacting","0.0 No Benefit","166 bpm","182 bpm","34:51","35:39","7.8 mph","7.8 mph","9.1 mph","147 spm","159 spm","1.42 m",2020-09-02,"6:50 AM"
"329","6.22 mi","785 C","274 ml","3.9 Impacting","0.0 No Benefit","166 bpm","179 bpm","45:46","46:01","8.2 mph","8.2 mph","10.2 mph","148 spm","162 spm","1.48 m",2020-09-01,"6:20 AM"
"330","10.62 mi","1,363 C","482 ml","4.8 Highly Impacting","0.0 No Benefit","168 bpm","180 bpm","1:20:19","1:24:22","7.9 mph","7.9 mph","9.2 mph","146 spm","160 spm","1.45 m",2020-08-30,"6:43 AM"
"331","5.00 mi","621 C","216 ml","3.7 Impacting","0.0 No Benefit","167 bpm","180 bpm","36:00","36:32","8.3 mph","8.3 mph","9.8 mph","149 spm","166 spm","1.51 m",2020-08-28,"6:40 AM"
"332","3.16 mi","373 C","127 ml","3.2 Impacting","0.0 No Benefit","169 bpm","183 bpm","21:15","21:16","8.9 mph","8.9 mph","10.6 mph","152 spm","163 spm","1.57 m",2020-08-27,"6:21 AM"
"333","4.97 mi","621 C","230 ml","3.4 Impacting","2.7 Maintaining","164 bpm","185 bpm","37:29","51:16","7.8 mph","8.0 mph","15.6 mph","140 spm","198 spm","1.46 m",2020-08-26,"6:10 AM"
"334","3.28 mi","384 C","134 ml","3.2 Impacting","0.0 No Benefit","166 bpm","180 bpm","22:29","22:29","8.7 mph","8.7 mph","9.9 mph","151 spm","164 spm","1.55 m",2020-08-25,"6:28 AM"
"335","10.70 mi","1,317 C","483 ml","4.4 Highly Impacting","0.6 No Benefit","166 bpm","178 bpm","1:20:29","1:26:44","8.0 mph","8.0 mph","9.4 mph","150 spm","205 spm","1.42 m",2020-08-23,"7:12 AM"
"336","4.00 mi","487 C","173 ml","3.3 Impacting","0.0 No Benefit","164 bpm","178 bpm","28:55","28:56","8.3 mph","8.3 mph","9.0 mph","150 spm","164 spm","1.49 m",2020-08-22,"7:11 AM"
"337","6.23 mi","800 C","277 ml","4.0 Highly Impacting","0.0 No Benefit","167 bpm","180 bpm","46:14","46:30","8.1 mph","8.1 mph","9.7 mph","150 spm","162 spm","1.45 m",2020-08-21,"6:19 AM"
"338","6.24 mi","786 C","276 ml","4.0 Highly Impacting","0.0 No Benefit","166 bpm","181 bpm","46:00","46:11","8.1 mph","8.1 mph","9.9 mph","150 spm","165 spm","1.45 m",2020-08-20,"6:15 AM"
"339","4.93 mi","562 C","211 ml","3.3 Impacting","2.8 Maintaining","161 bpm","185 bpm","35:15","36:22","8.4 mph","8.4 mph","12.5 mph","150 spm","192 spm","1.48 m",2020-08-19,"6:36 AM"
"340","6.23 mi","748 C","265 ml","3.9 Impacting","0.0 No Benefit","166 bpm","179 bpm","44:05","44:22","8.5 mph","8.5 mph","9.6 mph","150 spm","168 spm","1.51 m",2020-08-18,"6:02 AM"
"341","10.03 mi","1,301 C","447 ml","5.0 Overreaching","0.1 No Benefit","171 bpm","185 bpm","1:14:23","1:15:42","8.1 mph","8.1 mph","9.5 mph","146 spm","162 spm","1.48 m",2020-08-16,"6:36 AM"
"342","5.01 mi","614 C","215 ml","3.7 Impacting","0.0 No Benefit","166 bpm","182 bpm","35:58","36:00","8.3 mph","8.3 mph","9.4 mph","150 spm","161 spm","1.49 m",2020-08-14,"6:43 AM"
"343","6.22 mi","798 C","275 ml","4.1 Highly Impacting","0.0 No Benefit","168 bpm","183 bpm","45:49","46:14","8.1 mph","8.1 mph","9.8 mph","149 spm","166 spm","1.46 m",2020-08-13,"5:59 AM"
"344","6.05 mi","673 C","267 ml","3.3 Impacting","2.9 Maintaining","159 bpm","185 bpm","44:25","55:44","8.1 mph","8.2 mph","12.5 mph","150 spm","184 spm","1.44 m",2020-08-12,"6:01 AM"
"345","6.22 mi","783 C","272 ml","4.2 Highly Impacting","0.0 No Benefit","169 bpm","185 bpm","45:18","45:38","8.2 mph","8.2 mph","9.6 mph","148 spm","160 spm","1.49 m",2020-08-11,"6:14 AM"
"346","12.02 mi","1,525 C","555 ml","4.7 Highly Impacting","0.0 No Benefit","165 bpm","176 bpm","1:32:19","1:34:19","7.8 mph","7.8 mph","8.9 mph","149 spm","199 spm","1.40 m",2020-08-09,"6:59 AM"
"347","3.12 mi","358 C","123 ml","3.2 Impacting","0.1 No Benefit","169 bpm","184 bpm","20:33","21:18","9.1 mph","9.1 mph","10.5 mph","151 spm","164 spm","1.61 m",2020-08-08,"7:52 AM"
"348","6.51 mi","820 C","279 ml","4.3 Highly Impacting","0.1 No Benefit","171 bpm","183 bpm","46:37","46:52","8.4 mph","8.4 mph","9.2 mph","148 spm","166 spm","1.50 m",2020-08-07,"6:32 AM"
"349","6.23 mi","752 C","259 ml","4.2 Highly Impacting","0.0 No Benefit","169 bpm","185 bpm","43:03","43:31","8.6 mph","8.7 mph","10.2 mph","151 spm","170 spm","1.53 m",2020-08-06,"6:38 AM"
"350","6.30 mi","791 C","270 ml","4.2 Highly Impacting","0.1 No Benefit","171 bpm","186 bpm","45:08","45:13","8.4 mph","8.4 mph","10.2 mph","150 spm","168 spm","1.50 m",2020-08-05,"6:34 AM"
"351","6.24 mi","759 C","263 ml","4.0 Highly Impacting","0.0 No Benefit","168 bpm","182 bpm","43:45","44:29","8.5 mph","8.6 mph","10.1 mph","150 spm","190 spm","1.52 m",2020-08-04,"6:28 AM"
"352","1.02 mi","110 C","35 ml","2.2 Maintaining","2.4 Maintaining","180 bpm","191 bpm","5:49.2","5:50.5","10.5 mph","10.5 mph","12.0 mph","160 spm","174 spm","1.75 m",2020-07-31,"5:27 PM"
"353","4.44 mi","514 C","193 ml","3.1 Impacting","2.7 Maintaining","162 bpm","185 bpm","31:21","35:39","8.3 mph","8.5 mph","12.5 mph","147 spm","184 spm","1.47 m",2020-07-30,"6:54 AM"
"354","6.23 mi","775 C","270 ml","4.0 Highly Impacting","0.0 No Benefit","168 bpm","183 bpm","45:04","45:05","8.3 mph","8.3 mph","9.4 mph","149 spm","166 spm","1.49 m",2020-07-29,"6:34 AM"
"355","5.00 mi","618 C","218 ml","3.7 Impacting","0.0 No Benefit","166 bpm","183 bpm","36:04","36:21","8.3 mph","8.3 mph","9.7 mph","148 spm","164 spm","1.50 m",2020-07-28,"6:36 AM"
"356","12.06 mi","1,568 C","550 ml","5.0 Overreaching","0.0 No Benefit","169 bpm","179 bpm","1:31:33","1:32:17","7.9 mph","7.9 mph","10.0 mph","148 spm","171 spm","1.43 m",2020-07-26,"6:55 AM"
"357","3.13 mi","384 C","135 ml","3.2 Impacting","0.0 No Benefit","165 bpm","178 bpm","22:32","22:33","8.3 mph","8.3 mph","9.0 mph","153 spm","167 spm","1.46 m",2020-07-25,"7:22 AM"
"358","6.44 mi","832 C","287 ml","4.2 Highly Impacting","0.0 No Benefit","169 bpm","181 bpm","47:54","49:06","8.1 mph","8.1 mph","9.4 mph","150 spm","164 spm","1.44 m",2020-07-24,"6:28 AM"
"359","6.23 mi","783 C","275 ml","4.0 Highly Impacting","0.0 No Benefit","166 bpm","179 bpm","45:47","45:58","8.2 mph","8.2 mph","10.0 mph","152 spm","164 spm","1.44 m",2020-07-23,"6:25 AM"
"360","6.71 mi","848 C","297 ml","4.1 Highly Impacting","0.0 No Benefit","167 bpm","179 bpm","49:38","49:51","8.1 mph","8.1 mph","9.1 mph","149 spm","169 spm","1.46 m",2020-07-22,"6:47 AM"
"361","10.01 mi","1,357 C","472 ml","4.8 Highly Impacting","0.0 No Benefit","169 bpm","179 bpm","1:18:42","1:18:44","7.6 mph","7.6 mph","8.9 mph","150 spm","164 spm","1.37 m",2020-07-19,"7:37 AM"
"362","3.11 mi","387 C","131 ml","3.3 Impacting","0.0 No Benefit","171 bpm","183 bpm","21:55","21:58","8.5 mph","8.5 mph","9.7 mph","152 spm","164 spm","1.51 m",2020-07-18,"9:38 AM"
"363","4.48 mi","604 C","203 ml","3.8 Impacting","0.0 No Benefit","172 bpm","185 bpm","33:53","34:17","7.9 mph","7.9 mph","8.8 mph","148 spm","162 spm","1.43 m",2020-07-17,"5:07 PM"
"364","5.00 mi","669 C","229 ml","3.9 Impacting","0.1 No Benefit","170 bpm","182 bpm","38:10","38:13","7.9 mph","7.9 mph","9.2 mph","149 spm","170 spm","1.42 m",2020-07-15,"5:19 PM"
"365","4.78 mi","593 C","208 ml","3.6 Impacting","0.0 No Benefit","166 bpm","176 bpm","34:47","34:58","8.2 mph","8.2 mph","9.4 mph","148 spm","160 spm","1.49 m",2020-07-14,"5:10 PM"
"366","3.25 mi","402 C","146 ml","3.1 Impacting","0.0 No Benefit","159 bpm","171 bpm","24:29","24:32","8.0 mph","8.0 mph","8.7 mph","148 spm","159 spm","1.44 m",2020-07-13,"5:06 PM"
"367","10.60 mi","1,355 C","477 ml","4.7 Highly Impacting","0.0 No Benefit","168 bpm","179 bpm","1:19:31","1:19:44","8.0 mph","8.0 mph","9.4 mph","148 spm","160 spm","1.44 m",2020-07-12,"7:03 AM"
"368","6.05 mi","743 C","255 ml","4.1 Highly Impacting","0.0 No Benefit","169 bpm","184 bpm","42:31","42:56","8.5 mph","8.5 mph","10.9 mph","150 spm","168 spm","1.52 m",2020-07-10,"6:29 AM"
"369","5.00 mi","641 C","220 ml","3.8 Impacting","0.0 No Benefit","169 bpm","182 bpm","36:46","36:47","8.2 mph","8.2 mph","9.3 mph","150 spm","166 spm","1.46 m",2020-07-09,"6:36 AM"
"370","8.12 mi","1,080 C","365 ml","4.7 Highly Impacting","0.0 No Benefit","172 bpm","182 bpm","1:00:51","1:00:54","8.0 mph","8.0 mph","9.0 mph","150 spm","162 spm","1.43 m",2020-07-08,"6:29 AM"
"371","5.00 mi","652 C","222 ml","3.9 Impacting","0.0 No Benefit","170 bpm","184 bpm","37:02","37:03","8.1 mph","8.1 mph","9.4 mph","150 spm","164 spm","1.44 m",2020-07-07,"6:33 AM"
"372","10.75 mi","1,463 C","484 ml","5.0 Overreaching","0.6 No Benefit","174 bpm","188 bpm","1:20:43","1:23:05","8.0 mph","8.0 mph","9.3 mph","149 spm","173 spm","1.43 m",2020-07-05,"7:09 AM"
"373","6.06 mi","691 C","262 ml","3.4 Impacting","2.9 Maintaining","161 bpm","188 bpm","43:40","1:06:34","8.3 mph","8.3 mph","12.1 mph","156 spm","192 spm","1.41 m",2020-07-03,"6:58 AM"
"374","3.12 mi","385 C","129 ml","3.3 Impacting","0.0 No Benefit","174 bpm","184 bpm","21:31","21:33","8.7 mph","8.7 mph","9.8 mph","156 spm","166 spm","1.49 m",2020-07-02,"7:46 AM"
"375","6.23 mi","838 C","285 ml","4.3 Highly Impacting","0.0 No Benefit","171 bpm","183 bpm","47:32","47:40","7.9 mph","7.9 mph","8.9 mph","153 spm","167 spm","1.37 m",2020-07-01,"6:33 AM"
"376","5.60 mi","671 C","241 ml","3.5 Impacting","3.1 Impacting","167 bpm","188 bpm","40:10","44:53","8.4 mph","8.4 mph","11.5 mph","154 spm","184 spm","1.44 m",2020-06-30,"6:47 AM"
"377","11.01 mi","1,426 C","500 ml","4.9 Highly Impacting","0.4 No Benefit","169 bpm","180 bpm","1:23:19","1:25:55","7.9 mph","7.9 mph","9.3 mph","152 spm","201 spm","1.39 m",2020-06-28,"7:06 AM"
"378","1.63 mi","191 C","74 ml","2.3 Maintaining","2.0 Maintaining","155 bpm","179 bpm","12:24","12:26","7.9 mph","7.9 mph","13.4 mph","143 spm","184 spm","1.40 m",2020-06-26,"7:01 AM"
"379","4.95 mi","716 C","268 ml","3.4 Impacting","0.0 No Benefit","157 bpm","171 bpm","44:09","46:19","6.6 mph","6.7 mph","8.3 mph","146 spm","160 spm","1.21 m",2020-06-25,"5:49 PM"
"380","5.01 mi","639 C","221 ml","3.7 Impacting","0.0 No Benefit","168 bpm","180 bpm","36:50","38:06","8.2 mph","8.2 mph","9.3 mph","153 spm","166 spm","1.43 m",2020-06-24,"5:56 AM"
"381","6.09 mi","710 C","268 ml","3.5 Impacting","3.3 Impacting","164 bpm","189 bpm","44:36","51:31","8.2 mph","8.2 mph","12.2 mph","154 spm","222 spm","1.40 m",2020-06-23,"6:42 AM"
"382","10.01 mi","1,314 C","450 ml","4.9 Highly Impacting","0.2 No Benefit","170 bpm","181 bpm","1:15:00","1:15:32","8.0 mph","8.0 mph","9.1 mph","151 spm","162 spm","1.43 m",2020-06-21,"6:37 AM"
"383","6.23 mi","775 C","262 ml","4.2 Highly Impacting","0.8 No Benefit","171 bpm","183 bpm","43:33","46:57","8.5 mph","8.6 mph","10.7 mph","154 spm","173 spm","1.49 m",2020-06-19,"6:27 AM"
"384","5.00 mi","556 C","209 ml","3.1 Impacting","2.6 Maintaining","162 bpm","181 bpm","34:46","40:56","8.6 mph","8.6 mph","12.6 mph","158 spm","196 spm","1.44 m",2020-06-18,"6:44 AM"
"385","5.01 mi","603 C","206 ml","3.7 Impacting","0.0 No Benefit","170 bpm","180 bpm","34:27","34:28","8.7 mph","8.7 mph","12.9 mph","157 spm","174 spm","1.50 m",2020-06-16,"6:28 AM"
"386","12.30 mi","1,557 C","542 ml","5.0 Overreaching","0.1 No Benefit","169 bpm","177 bpm","1:30:23","1:31:00","8.2 mph","8.2 mph","12.4 mph","152 spm","178 spm","1.44 m",2020-06-14,"6:52 AM"
"387","6.22 mi","779 C","262 ml","4.2 Highly Impacting","0.0 No Benefit","172 bpm","183 bpm","43:39","43:45","8.5 mph","8.6 mph","10.0 mph","157 spm","167 spm","1.46 m",2020-06-12,"6:36 AM"
"388","3.28 mi","389 C","144 ml","3.0 Impacting","2.5 Maintaining","162 bpm","182 bpm","23:57","26:48","8.2 mph","8.2 mph","14.1 mph","150 spm","190 spm","1.42 m",2020-06-11,"6:59 AM"
"389","3.27 mi","391 C","136 ml","3.2 Impacting","0.2 No Benefit","168 bpm","181 bpm","22:49","22:50","8.6 mph","8.6 mph","9.3 mph","159 spm","169 spm","1.45 m",2020-06-10,"6:56 AM"
"390","2.01 mi","235 C","82 ml","2.7 Maintaining","0.7 No Benefit","167 bpm","179 bpm","13:48","13:50","8.7 mph","8.7 mph","9.9 mph","154 spm","170 spm","1.52 m",2020-06-09,"5:11 PM"
"391","5.16 mi","596 C","218 ml","3.4 Impacting","3.0 Impacting","166 bpm","184 bpm","36:20","40:58","8.5 mph","8.5 mph","12.0 mph","155 spm","181 spm","1.45 m",2020-06-09,"6:50 AM"
"392","13.12 mi","1,634 C","581 ml","5.0 Overreaching","0.2 No Benefit","169 bpm","178 bpm","1:36:45","1:38:28","8.1 mph","8.1 mph","9.7 mph","153 spm","171 spm","1.42 m",2020-06-07,"6:50 AM"
"393","7.01 mi","911 C","308 ml","4.5 Highly Impacting","0.4 No Benefit","174 bpm","184 bpm","51:24","52:18","8.2 mph","8.2 mph","9.5 mph","156 spm","194 spm","1.41 m",2020-06-05,"6:44 AM"
"394","5.33 mi","649 C","286 ml","3.7 Impacting","3.5 Impacting","168 bpm","195 bpm","38:46","41:21","8.2 mph","8.2 mph","12.2 mph","159 spm","192 spm","1.37 m",2020-06-04,"7:03 AM"
"395","4.57 mi","540 C","196 ml","3.4 Impacting","2.4 Maintaining","166 bpm","185 bpm","32:41","32:44","8.4 mph","8.4 mph","11.3 mph","156 spm","184 spm","1.42 m",2020-06-02,"6:45 AM"
"396","4.01 mi","465 C","161 ml","3.4 Impacting","0.1 No Benefit","170 bpm","180 bpm","26:58","26:58","8.9 mph","8.9 mph","10.6 mph","157 spm","173 spm","1.52 m",2020-06-01,"6:46 AM"
"397","10.01 mi","1,287 C","446 ml","4.9 Highly Impacting","0.2 No Benefit","170 bpm","181 bpm","1:14:15","1:16:38","8.1 mph","8.1 mph","9.7 mph","153 spm","166 spm","1.42 m",2020-05-31,"7:34 AM"
"398","3.12 mi","354 C","122 ml","3.2 Impacting","0.0 No Benefit","169 bpm","183 bpm","20:25","20:37","9.1 mph","9.2 mph","10.3 mph","155 spm","170 spm","1.58 m",2020-05-29,"7:12 AM"
"399","6.27 mi","787 C","277 ml","4.0 Highly Impacting","0.0 No Benefit","167 bpm","178 bpm","46:17","46:28","8.1 mph","8.1 mph","11.1 mph","155 spm","184 spm","1.40 m",2020-05-28,"6:53 AM"
"400","4.66 mi","543 C","200 ml","3.4 Impacting","2.6 Maintaining","166 bpm","183 bpm","33:20","33:23","8.4 mph","8.4 mph","14.1 mph","158 spm","186 spm","1.40 m",2020-05-27,"6:42 AM"
"401","5.05 mi","625 C","219 ml","3.8 Impacting","0.0 No Benefit","169 bpm","182 bpm","36:31","36:47","8.3 mph","8.3 mph","16.1 mph","157 spm","189 spm","1.42 m",2020-05-26,"6:59 AM"
"402","12.01 mi","1,512 C","539 ml","5.0 Overreaching","0.3 No Benefit","171 bpm","181 bpm","1:29:52","1:36:18","8.0 mph","8.0 mph","12.2 mph","152 spm","184 spm","1.39 m",2020-05-24,"7:06 AM"
"403","2.14 mi","226 C","83 ml","2.7 Maintaining","0.7 No Benefit","163 bpm","177 bpm","13:50","16:05","9.2 mph","9.3 mph","12.4 mph","162 spm","189 spm","1.52 m",2020-05-23,"9:32 AM"
"404","6.02 mi","767 C","259 ml","4.3 Highly Impacting","0.1 No Benefit","174 bpm","185 bpm","43:15","43:18","8.3 mph","8.4 mph","9.3 mph","159 spm","174 spm","1.41 m",2020-05-22,"6:33 AM"
"405","3.01 mi","340 C","125 ml","3.1 Impacting","1.2 Some Benefit","165 bpm","185 bpm","20:57","20:59","8.6 mph","8.6 mph","12.2 mph","161 spm","192 spm","1.41 m",2020-05-21,"6:45 AM"
"406","3.26 mi","366 C","130 ml","3.2 Impacting","0.5 No Benefit","170 bpm","182 bpm","21:44","21:46","9.0 mph","9.0 mph","10.6 mph","161 spm","174 spm","1.50 m",2020-05-20,"2:05 PM"
"407","1.53 mi","158 C","64 ml","2.3 Maintaining","0.7 No Benefit","153 bpm","177 bpm","10:21","17:51","8.5 mph","8.9 mph","9.8 mph","151 spm","170 spm","1.51 m",2020-05-19,"4:27 PM"
"408","4.01 mi","471 C","166 ml","3.6 Impacting","0.2 No Benefit","172 bpm","184 bpm","27:40","27:59","8.7 mph","8.7 mph","10.3 mph","157 spm","169 spm","1.48 m",2020-05-19,"7:05 AM"
"409","12.00 mi","1,457 C","537 ml","4.8 Highly Impacting","0.8 No Benefit","168 bpm","177 bpm","1:29:27","1:29:35","8.0 mph","8.1 mph","10.0 mph","155 spm","184 spm","1.39 m",2020-05-17,"6:56 AM"
"410","2.01 mi","202 C","78 ml","2.6 Maintaining","1.5 Some Benefit","161 bpm","182 bpm","12:56","14:20","9.2 mph","9.3 mph","13.8 mph","162 spm","199 spm","1.52 m",2020-05-16,"9:42 AM"
"411","4.40 mi","519 C","194 ml","3.7 Impacting","3.1 Impacting","169 bpm","186 bpm","32:17","33:05","8.2 mph","8.2 mph","13.2 mph","156 spm","192 spm","1.38 m",2020-05-15,"6:45 AM"
"412","5.01 mi","594 C","219 ml","3.8 Impacting","0.1 No Benefit","167 bpm","178 bpm","36:30","36:31","8.2 mph","8.2 mph","9.4 mph","155 spm","174 spm","1.42 m",2020-05-13,"6:23 AM"
"413","4.20 mi","460 C","181 ml","3.4 Impacting","2.5 Maintaining","163 bpm","184 bpm","30:09","33:34","8.3 mph","8.4 mph","13.8 mph","157 spm","194 spm","1.40 m",2020-05-12,"6:34 AM"
"414","5.00 mi","554 C","212 ml","3.6 Impacting","0.2 No Benefit","164 bpm","181 bpm","35:22","35:23","8.5 mph","8.5 mph","10.1 mph","156 spm","180 spm","1.46 m",2020-05-11,"6:24 AM"
"415","10.01 mi","1,090 C","455 ml","4.0 Highly Impacting","0.4 No Benefit","160 bpm","177 bpm","1:15:50","1:15:52","7.9 mph","7.9 mph","10.2 mph","153 spm","172 spm","1.39 m",2020-05-09,"7:08 AM"
"416","3.11 mi","355 C","133 ml","3.3 Impacting","0.2 No Benefit","167 bpm","180 bpm","22:19","24:48","8.4 mph","8.4 mph","9.8 mph","156 spm","169 spm","1.44 m",2020-05-08,"6:32 AM"
"417","3.67 mi","396 C","155 ml","3.3 Impacting","2.5 Maintaining","165 bpm","183 bpm","25:55","25:57","8.5 mph","8.5 mph","12.3 mph","155 spm","184 spm","1.44 m",2020-05-07,"6:45 AM"
"418","5.00 mi","593 C","220 ml","4.0 Highly Impacting","0.9 No Benefit","171 bpm","186 bpm","36:41","36:41","8.2 mph","8.2 mph","9.9 mph","153 spm","170 spm","1.43 m",2020-05-06,"6:22 AM"
"419","3.92 mi","485 C","179 ml","3.9 Impacting","3.4 Impacting","173 bpm","191 bpm","29:34","29:51","7.9 mph","8.0 mph","11.9 mph","145 spm","178 spm","1.42 m",2020-05-05,"6:47 AM"
"420","8.01 mi","962 C","367 ml","4.6 Highly Impacting","1.1 Some Benefit","169 bpm","181 bpm","1:01:11","1:01:12","7.9 mph","7.9 mph","8.8 mph","148 spm","158 spm","1.42 m",2020-05-03,"7:03 AM"
"421","1.42 mi","146 C","58 ml","2.3 Maintaining","0.6 No Benefit","160 bpm","171 bpm","9:43.0","11:29","8.7 mph","8.8 mph","15.2 mph","153 spm","201 spm","1.52 m",2020-05-02,"10:52 AM"
"422","3.70 mi","426 C","166 ml","3.6 Impacting","0.5 No Benefit","163 bpm","181 bpm","27:30","31:07","8.0 mph","8.1 mph","10.6 mph","151 spm","181 spm","1.43 m",2020-05-01,"6:29 AM"
"423","5.01 mi","641 C","217 ml","5.0 Overreaching","3.1 Impacting","182 bpm","194 bpm","36:17","36:19","8.3 mph","8.3 mph","9.6 mph","151 spm","172 spm","1.47 m",2020-04-30,"6:41 AM"
"424","3.11 mi","350 C","122 ml","3.9 Impacting","2.3 Maintaining","178 bpm","192 bpm","20:29","20:29","9.1 mph","9.1 mph","10.1 mph","154 spm","167 spm","1.58 m",2020-04-29,"6:38 AM"
"425","1.20 mi","136 C","50 ml","2.6 Maintaining","0.5 No Benefit","169 bpm","186 bpm","8:24.6","8:25.2","8.6 mph","8.6 mph","36.1 mph","152 spm","224 spm","1.52 m",2020-04-28,"6:30 PM"
"426","1.19 mi","134 C","51 ml","2.5 Maintaining","0.2 No Benefit","166 bpm","181 bpm","8:24.6","8:31.3","8.4 mph","8.5 mph","9.7 mph","152 spm","167 spm","1.48 m",2020-04-28,"6:57 AM"
"427","4.00 mi","445 C","178 ml","3.7 Impacting","0.3 No Benefit","162 bpm","175 bpm","29:47","29:49","8.1 mph","8.1 mph","9.3 mph","156 spm","174 spm","1.38 m",2020-04-16,"5:59 AM"
