Activity Type,Date,Favorite,Title,Distance,Calories,Time,Avg HR,Max HR,Aerobic TE,Avg Run Cadence,Max Run Cadence,Avg Pace,Best Pace,Total Ascent,Total Descent,Avg Stride Length,Avg Vertical Ratio,Avg Vertical Oscillation,Training Stress ScoreÂ®,Grit,Flow,Total Strokes,Avg. Swolf,Avg Stroke Rate,Total Reps,Total Sets,Dive Time,Min Temp,Surface Interval,Decompression,Best Lap Time,Number of Laps,Max Temp,Avg Resp,Min Resp,Max Resp,Stress Change,Stress Start,Stress End,Avg Stress,Moving Time,Elapsed Time,Min Elevation,Max Elevation
Running,9/26/2021 7:34,FALSE,Athens Running,16,"1,905",2:00:38,165,187,5,155,184,7:32,5:32,823,810,1.38,0,0,0,0,0,--,--,--,--,--,0:00,0,0:00,No,00:01.7,17,0,--,--,--,--,--,--,--,2:00:10,2:03:35,581,781
Walking,9/25/2021 10:04,FALSE,Athens Walking,7.03,831,2:33:14,95,128,0.8,81,207,21:48,1:27,593,565,0.92,0,0,0,0,0,--,--,--,--,--,0:00,0,0:00,No,00:02.2,8,0,--,--,--,--,--,--,--,2:20:42,2:42:53,650,725
Running,9/25/2021 7:10,FALSE,Athens Running,4.19,564,0:42:47,148,166,2.5,143,168,10:13,8:49,224,193,1.1,0,0,0,0,0,--,--,--,--,--,0:00,0,0:00,No,01:58.0,5,0,--,--,--,--,--,--,--,0:42:47,0:42:47,635,741
Running,9/24/2021 6:02,FALSE,Athens Running,11,"1,369",1:26:22,164,182,4.4,149,169,7:51,6:50,543,491,1.37,0,0,0,0,0,--,--,--,--,--,0:00,0,0:00,No,00:01.6,12,0,--,--,--,--,--,--,--,1:26:09,1:26:42,632,757
Running,9/23/2021 18:36,FALSE,Athens Running,5,624,0:41:07,157,173,3.3,147,192,8:14,5:37,299,299,1.33,0,0,0,0,0,--,--,--,--,--,0:00,0,0:00,No,07:48.8,5,0,--,--,--,--,--,--,--,0:40:46,0:42:45,630,781
Pool Swimming,9/22/2021 17:33,FALSE,Pool Swimming,800,160,0:25:31,148,180,2.7,--,--,1:42,1:03,--,--,0,0,0,0,0,0,401,38,30,--,--,0:00,0,0:00,No,00:14.9,31,0,--,--,--,--,--,--,--,0:13:34,0:26:02,--,--
Indoor Cycling,9/22/2021 6:22,FALSE,Indoor Cycling,0,353,0:40:02,119,131,1.2,--,--,--,--,--,--,0,0,0,0,0,0,--,--,--,--,--,0:00,0,0:00,No,40:01.8,1,0,--,--,--,--,--,--,--,0:00:00,0:40:57,--,--
Running,9/21/2021 6:15,FALSE,Athens Running,8.01,976,1:00:47,163,176,4.1,150,189,7:35,4:54,490,403,1.41,0,0,0,0,0,--,--,--,--,--,0:00,0,0:00,No,00:04.0,9,0,--,--,--,--,--,--,--,0:00:00,1:02:03,633,741
Pool Swimming,9/20/2021 17:30,FALSE,Pool Swimming,"1,025",205,0:32:32,115,136,0.9,--,--,1:44,0:56,--,--,0,0,0,0,0,0,526,39,30,--,--,0:00,0,0:00,No,00:14.0,36,0,--,--,--,--,--,--,--,0:00:00,0:32:45,--,--
Running,9/19/2021 6:58,FALSE,Athens Running,16.01,"2,047",2:09:43,167,182,5,148,173,8:06,6:26,818,835,1.34,0,0,0,0,0,--,--,--,--,--,0:00,0,0:00,No,00:01.7,17,0,--,--,--,--,--,--,--,0:00:00,2:13:05,581,781
Running,9/18/2021 9:46,FALSE,Athens Running,3.48,456,0:33:39,149,167,2.4,147,160,9:40,8:00,130,113,1.14,0,0,0,0,0,--,--,--,--,--,0:00,0,0:00,No,04:36.0,4,0,--,--,--,--,--,--,--,0:00:00,0:33:39,635,741
Running,9/17/2021 6:23,FALSE,Athens Running,8.01,989,0:58:21,171,185,4.6,151,167,7:17,5:53,489,414,1.46,0,0,0,0,0,--,--,--,--,--,0:00,0,0:00,No,00:03.4,9,0,--,--,--,--,--,--,--,0:00:00,0:59:46,634,741
Running,9/15/2021 17:41,FALSE,Athens Running,5.01,636,0:39:07,163,178,3.5,149,173,7:49,6:55,278,261,1.39,0,0,0,0,0,--,--,--,--,--,0:00,0,0:00,No,00:02.0,6,0,--,--,--,--,--,--,--,0:00:00,0:39:11,631,741
Indoor Cycling,9/15/2021 6:20,FALSE,Indoor Cycling,0,244,0:30:00,113,131,0.8,--,--,--,--,--,--,0,0,0,0,0,0,--,--,--,--,--,0:00,0,0:00,No,30:00.2,1,0,--,--,--,--,--,--,--,0:00:00,0:44:56,--,--
Running,9/14/2021 5:53,FALSE,Athens Running,11,"1,369",1:27:21,160,177,4.1,150,164,7:56,6:31,582,551,1.35,0,0,0,0,0,--,--,--,--,--,0:00,0,0:00,No,00:01.4,12,0,--,--,--,--,--,--,--,0:00:00,1:27:55,632,756
Pool Swimming,9/13/2021 17:33,FALSE,Pool Swimming,"1,525",307,0:45:02,125,152,1.9,--,--,1:47,0:52,--,--,0,0,0,0,0,0,824,40,30,--,--,0:00,0,0:00,No,00:15.1,51,0,--,--,--,--,--,--,--,0:00:00,0:48:57,--,--
Running,9/12/2021 7:14,FALSE,Athens Running,13.14,"1,649",1:42:40,166,179,4.6,149,196,7:49,4:29,777,732,1.39,0,0,0,0,0,--,--,--,--,--,0:00,0,0:00,No,01:08.3,14,0,--,--,--,--,--,--,--,0:00:00,1:43:56,581,781
Running,9/10/2021 6:04,FALSE,Athens Running,9.01,"1,129",1:08:48,165,180,4.2,155,169,7:38,6:17,553,503,1.36,0,0,0,0,0,--,--,--,--,--,0:00,0,0:00,No,00:02.3,10,0,--,--,--,--,--,--,--,0:00:00,1:08:58,634,741
Running,9/9/2021 18:37,FALSE,Athens Running,4.01,484,0:30:05,161,187,3.3,148,169,7:31,5:26,52,61,1.45,0,0,0,0,0,--,--,--,--,--,0:00,0,0:00,No,00:02.2,5,0,--,--,--,--,--,--,--,0:00:00,0:30:05,761,784
Indoor Cycling,9/9/2021 6:49,FALSE,Indoor Cycling,0,289,0:30:01,121,147,1.1,--,--,--,--,--,--,0,0,0,0,0,0,--,--,--,--,--,0:00,0,0:00,No,30:01.1,1,0,--,--,--,--,--,--,--,0:00:00,0:30:01,--,--
Running,9/8/2021 6:24,FALSE,Athens Running,4.01,510,0:39:58,140,155,2.3,146,160,9:58,8:36,171,117,1.11,0,0,0,0,0,--,--,--,--,--,0:00,0,0:00,No,00:05.4,5,0,--,--,--,--,--,--,--,0:00:00,0:39:58,635,741
Pool Swimming,9/7/2021 17:31,FALSE,Pool Swimming,725,148,0:22:53,129,160,1.9,--,--,1:50,1:14,--,--,0,0,0,0,0,0,399,41,30,--,--,0:00,0,0:00,No,00:12.7,31,0,--,--,--,--,--,--,--,0:00:00,0:25:03,--,--
Running,9/5/2021 7:18,FALSE,Athens Running,13.05,"1,587",1:44:06,157,174,4.1,148,174,7:59,5:29,616,607,1.36,0,0,0,0,0,--,--,--,--,--,0:00,0,0:00,No,00:25.2,14,0,--,--,--,--,--,--,--,0:00:00,1:47:57,581,781
Running,9/3/2021 16:24,FALSE,Athens Running,10.4,"1,274",1:21:19,160,174,3.9,149,180,7:49,5:41,639,553,1.38,0,0,0,0,0,--,--,--,--,--,0:00,0,0:00,No,03:02.6,11,0,--,--,--,--,--,--,--,0:00:00,1:22:11,628,741
Running,9/2/2021 18:36,FALSE,Athens Running,5.01,645,0:39:25,164,180,3.6,148,194,7:52,4:37,328,328,1.38,0,0,0,0,0,--,--,--,--,--,0:00,0,0:00,No,00:05.5,6,0,--,--,--,--,--,--,--,0:00:00,0:41:56,629,781
Indoor Cycling,9/2/2021 6:47,FALSE,Indoor Cycling,0,270,0:30:02,118,129,0.9,--,--,--,--,--,--,0,0,0,0,0,0,--,--,--,--,--,0:00,0,0:00,No,30:01.7,1,0,--,--,--,--,--,--,--,0:00:00,0:30:54,--,--
Pool Swimming,9/1/2021 17:32,FALSE,Pool Swimming,"1,000",198,0:32:39,119,150,1.3,--,--,1:48,1:10,--,--,0,0,0,0,0,0,553,41,31,--,--,0:00,0,0:00,No,00:10.2,39,0,--,--,--,--,--,--,--,0:00:00,0:35:55,--,--
Running,9/1/2021 5:29,FALSE,Athens Running,7.03,795,0:51:35,159,182,3.5,152,194,7:20,4:25,191,175,1.42,0,0,0,0,0,--,--,--,--,--,0:00,0,0:00,No,00:12.6,18,0,--,--,--,--,--,--,--,0:00:00,1:01:37,719,736
Pool Swimming,8/31/2021 17:34,FALSE,Pool Swimming,"1,075",225,0:43:15,118,159,1.4,--,--,1:38,0:53,--,--,0,0,0,0,0,0,545,37,31,--,--,0:00,0,0:00,No,00:04.6,44,0,--,--,--,--,--,--,--,0:00:00,0:47:44,--,--
Running,8/31/2021 6:21,FALSE,Athens Running,8.02,990,1:04:51,157,175,3.6,148,160,8:05,6:03,455,381,1.34,0,0,0,0,0,--,--,--,--,--,0:00,0,0:00,No,00:07.2,9,0,--,--,--,--,--,--,--,0:00:00,1:05:43,634,741
Indoor Cycling,8/30/2021 19:19,FALSE,Indoor Cycling,0,245,0:30:01,114,123,0.8,--,--,--,--,--,--,0,0,0,0,0,0,--,--,--,--,--,0:00,0,0:00,No,30:01.2,1,0,--,--,--,--,--,--,--,0:00:00,0:32:04,--,--
Running,8/29/2021 6:30,FALSE,Athens Running,12.08,"1,541",1:40:29,165,177,4.3,147,164,8:19,6:41,759,664,1.32,0,0,0,0,0,--,--,--,--,--,0:00,0,0:00,No,00:48.2,13,0,--,--,--,--,--,--,--,0:00:00,1:44:50,581,781
Running,8/27/2021 6:18,FALSE,Athens Running,6.22,782,0:49:10,162,177,3.6,150,167,7:54,6:41,419,366,1.36,0,0,0,0,0,--,--,--,--,--,0:00,0,0:00,No,01:37.5,7,0,--,--,--,--,--,--,--,0:00:00,0:50:28,633,741
Pool Swimming,8/26/2021 17:21,FALSE,Pool Swimming,"1,625",325,0:55:52,124,155,2,--,--,1:57,0:49,--,--,0,0,0,0,0,0,990,44,31,--,--,0:00,0,0:00,No,00:03.2,58,0,--,--,--,--,--,--,--,0:00:00,0:57:41,--,--
Running,8/26/2021 6:22,FALSE,Athens Running,4.22,523,0:41:19,141,155,2.4,146,164,9:47,8:33,249,202,1.12,0,0,0,0,0,--,--,--,--,--,0:00,0,0:00,No,02:12.7,5,0,--,--,--,--,--,--,--,0:00:00,0:41:19,634,741
Running,8/25/2021 6:16,FALSE,Athens Running,6.23,772,0:47:33,162,177,3.7,151,182,7:38,4:24,386,378,1.4,0,0,0,0,0,--,--,--,--,--,0:00,0,0:00,No,01:26.3,7,0,--,--,--,--,--,--,--,0:00:00,0:48:06,634,741
Pool Swimming,8/24/2021 17:17,FALSE,Pool Swimming,"1,000",202,0:34:51,141,181,2.6,--,--,1:47,1:01,--,--,0,0,0,0,0,0,555,41,31,--,--,0:00,0,0:00,No,00:09.6,57,0,--,--,--,--,--,--,--,0:00:00,0:39:20,--,--
Running,8/24/2021 6:14,FALSE,Athens Running,9,"1,118",1:10:20,163,175,3.9,149,164,7:49,6:36,553,524,1.38,0,0,0,0,0,--,--,--,--,--,0:00,0,0:00,No,00:01.5,10,0,--,--,--,--,--,--,--,0:00:00,1:11:07,628,741
Running,8/22/2021 7:54,FALSE,Athens Running,8.01,"1,048",1:04:54,166,178,4,147,159,8:06,6:57,513,429,1.35,0,0,0,0,0,--,--,--,--,--,0:00,0,0:00,No,00:04.0,9,0,--,--,--,--,--,--,--,0:00:00,1:05:10,629,741
Running,8/21/2021 9:27,FALSE,Athens Running,3.32,502,0:31:56,157,165,3.1,143,154,9:37,8:16,131,73,1.17,0,0,0,0,0,--,--,--,--,--,0:00,0,0:00,No,02:59.2,4,0,--,--,--,--,--,--,--,0:00:00,0:31:56,632,741
Pool Swimming,8/20/2021 17:07,FALSE,Pool Swimming,"1,300",262,0:42:46,125,158,1.9,--,--,1:43,0:50,--,--,0,0,0,0,0,0,672,39,30,--,--,0:00,0,0:00,No,00:08.0,57,0,--,--,--,--,--,--,--,0:00:00,0:50:24,--,--
Running,8/19/2021 5:54,FALSE,Athens Running,5.18,638,0:38:43,166,188,3.5,148,194,7:29,4:24,158,158,1.43,0,0,0,0,0,--,--,--,--,--,0:00,0,0:00,No,00:00.8,14,0,--,--,--,--,--,--,--,0:00:00,0:46:46,719,736
Running,8/18/2021 5:55,FALSE,Athens Running,8.3,"1,094",1:05:10,168,177,4.4,146,158,7:51,6:29,502,497,1.4,0,0,0,0,0,--,--,--,--,--,0:00,0,0:00,No,02:18.0,9,0,--,--,--,--,--,--,--,0:00:00,1:05:26,630,741
Pool Swimming,8/17/2021 17:26,FALSE,Pool Swimming,800,163,0:31:04,118,147,1.1,--,--,1:35,0:38,--,--,0,0,0,0,0,0,409,36,32,--,--,0:00,0,0:00,No,00:05.8,53,0,--,--,--,--,--,--,--,0:00:00,0:31:11,--,--
Running,8/16/2021 6:20,FALSE,Athens Running,8.7,"1,070",1:09:50,169,181,4.8,148,164,8:02,6:10,489,454,1.4,0,0,0,0,0,--,--,--,--,--,0:00,0,0:00,No,00:28.9,9,0,--,--,--,--,--,--,--,0:00:00,1:08:09,629,741
Pool Swimming,8/15/2021 18:09,FALSE,Pool Swimming,"1,250",254,0:46:51,120,147,1.6,--,--,1:41,0:57,--,--,0,0,0,0,0,0,636,38,30,--,--,0:00,0,0:00,No,00:05.1,73,0,--,--,--,--,--,--,--,0:00:00,0:48:34,--,--
Running,8/13/2021 6:22,FALSE,Athens Running,7.35,974,0:55:50,172,182,4.7,150,165,7:36,6:38,432,380,1.41,0,0,0,0,0,--,--,--,--,--,0:00,0,0:00,No,02:35.2,8,0,--,--,--,--,--,--,--,0:00:00,0:56:09,629,741
Running,8/12/2021 18:37,FALSE,Athens Running,4.9,724,0:46:26,157,168,3.4,143,160,9:29,6:22,215,207,1.18,0,0,0,0,0,--,--,--,--,--,0:00,0,0:00,No,08:21.3,5,0,--,--,--,--,--,--,--,0:00:00,0:47:42,629,781
Running,8/11/2021 6:29,FALSE,Athens Running,4.01,488,0:28:22,170,184,3.5,155,184,7:05,5:45,189,180,1.47,0,0,0,0,0,--,--,--,--,--,0:00,0,0:00,No,00:02.6,5,0,--,--,--,--,--,--,--,0:28:21,0:28:22,635,741
Pool Swimming,8/10/2021 17:34,FALSE,Pool Swimming,550,121,0:18:56,108,136,0.5,--,--,1:37,0:52,--,--,0,0,0,0,0,0,266,36,30,--,--,0:00,0,0:00,No,00:01.8,31,0,--,--,--,--,--,--,--,08:51.7,0:24:20,--,--
Running,8/10/2021 6:03,FALSE,Athens Running,8.01,"1,039",1:04:42,160,176,4.1,147,165,8:04,6:55,502,430,1.36,0,0,0,0,0,--,--,--,--,--,0:00,0,0:00,No,00:05.1,9,0,--,--,--,--,--,--,--,1:04:39,1:05:07,635,741
Pool Swimming,8/9/2021 17:32,FALSE,Pool Swimming,"1,200",243,0:45:57,121,146,1.7,--,--,1:37,0:59,--,--,0,0,0,0,0,0,623,37,32,--,--,0:00,0,0:00,No,00:00.6,88,0,--,--,--,--,--,--,--,0:19:18,0:48:35,--,--
Running,8/8/2021 7:16,FALSE,Athens Running,12.01,"1,514",1:34:18,164,176,4.5,149,170,7:51,6:36,612,568,1.38,0,0,0,0,0,--,--,--,--,--,0:00,0,0:00,No,00:04.5,13,0,--,--,--,--,--,--,--,1:34:02,1:38:30,581,781
Running,8/7/2021 9:51,FALSE,Athens Running,2.14,307,0:19:48,153,166,2.6,143,154,9:15,8:29,114,46,1.21,0,0,0,0,0,--,--,--,--,--,0:00,0,0:00,No,01:13.9,3,0,--,--,--,--,--,--,--,0:19:48,0:19:48,647,741
Running,8/7/2021 9:25,FALSE,Athens Running,2,280,0:21:19,141,155,2.1,143,160,10:39,7:40,105,118,1.06,0,0,0,0,0,--,--,--,--,--,0:00,0,0:00,No,00:02.0,3,0,--,--,--,--,--,--,--,0:21:16,0:24:14,633,741
Running,8/6/2021 17:54,FALSE,Athens Running,6.22,789,0:48:32,161,173,3.7,147,158,7:48,6:46,390,352,1.4,0,0,0,0,0,--,--,--,--,--,0:00,0,0:00,No,01:41.2,7,0,--,--,--,--,--,--,--,0:48:25,0:49:15,636,741
Running,8/5/2021 18:35,FALSE,Athens Running,4.94,642,0:37:36,167,187,3.9,147,169,7:36,5:25,313,307,1.44,0,0,0,0,0,--,--,--,--,--,0:00,0,0:00,No,06:33.0,5,0,--,--,--,--,--,--,--,0:37:26,0:38:37,629,781
Pool Swimming,8/4/2021 17:28,FALSE,Pool Swimming,825,173,0:29:42,123,151,1.5,--,--,1:38,0:55,--,--,0,0,0,0,0,0,417,37,31,--,--,0:00,0,0:00,No,00:02.1,57,0,--,--,--,--,--,--,--,0:13:25,0:35:35,--,--
Running,8/4/2021 5:43,FALSE,Athens Running,8.05,"1,105",1:04:02,171,184,4.8,146,167,7:57,6:46,442,365,1.39,0,0,0,0,0,--,--,--,--,--,0:00,0,0:00,No,00:23.1,9,0,--,--,--,--,--,--,--,1:03:52,1:04:43,634,741
Pool Swimming,8/3/2021 17:44,FALSE,Pool Swimming,"1,100",237,0:39:37,117,146,1.3,--,--,1:41,0:50,--,--,0,0,0,0,0,0,560,38,30,--,--,0:00,0,0:00,No,00:02.1,70,0,--,--,--,--,--,--,--,0:18:30,0:44:29,--,--
Running,8/1/2021 7:52,FALSE,Athens Running,11.43,"1,561",1:32:59,170,186,5,145,177,8:08,6:31,768,681,1.37,0,0,0,0,0,--,--,--,--,--,0:00,0,0:00,No,03:42.0,12,0,--,--,--,--,--,--,--,1:32:41,1:38:11,581,781
Pool Swimming,7/31/2021 14:56,FALSE,Pool Swimming,625,136,0:25:17,123,155,1.5,--,--,1:37,0:55,--,--,0,0,0,0,0,0,322,37,32,--,--,0:00,0,0:00,No,00:00.4,45,0,--,--,--,--,--,--,--,0:10:04,0:36:52,--,--
Running,7/31/2021 8:10,FALSE,Athens Running,0.99,87,05:09.8,170,189,2,161,210,5:12,4:09,27,18,1.92,0,0,0,0,0,--,--,--,--,--,0:00,0,0:00,No,05:09.8,1,0,--,--,--,--,--,--,--,05:09.8,05:09.8,761,781
Running,7/29/2021 18:37,FALSE,Athens Running,3.3,467,0:30:27,155,168,3,146,157,9:14,7:22,159,163,1.19,0,0,0,0,0,--,--,--,--,--,0:00,0,0:00,No,02:53.3,4,0,--,--,--,--,--,--,--,0:30:26,0:30:32,630,781
Pool Swimming,7/29/2021 6:26,FALSE,Pool Swimming,550,113,0:21:15,121,161,1.3,--,--,1:45,0:50,--,--,0,0,0,0,0,0,290,39,30,--,--,0:00,0,0:00,No,00:03.3,33,0,--,--,--,--,--,--,--,09:35.1,0:30:40,--,--
Pool Swimming,7/28/2021 17:16,FALSE,Pool Swimming,550,111,0:22:24,127,164,1.5,--,--,1:43,1:07,--,--,0,0,0,0,0,0,274,38,29,--,--,0:00,0,0:00,No,00:09.3,35,0,--,--,--,--,--,--,--,09:29.0,0:24:36,--,--
Running,7/28/2021 5:34,FALSE,Athens Running,5.23,622,0:39:52,163,189,3.4,147,200,7:37,3:50,139,139,1.41,0,0,0,0,0,--,--,--,--,--,0:00,0,0:00,No,00:09.0,17,0,--,--,--,--,--,--,--,0:39:23,0:50:54,719,738
Pool Swimming,7/27/2021 17:24,FALSE,Pool Swimming,750,156,0:25:32,122,146,1.3,--,--,1:41,0:52,--,--,0,0,0,0,0,0,383,38,30,--,--,0:00,0,0:00,No,00:01.1,53,0,--,--,--,--,--,--,--,0:12:35,0:40:32,--,--
Running,7/26/2021 18:55,FALSE,Athens Running,3.51,451,0:27:39,163,177,3.3,150,173,7:53,6:53,116,103,1.36,0,0,0,0,0,--,--,--,--,--,0:00,0,0:00,No,03:50.5,4,0,--,--,--,--,--,--,--,0:27:37,0:27:39,634,741
Running,7/25/2021 12:03,FALSE,Athens Running,6.22,846,0:48:43,173,185,4.4,147,164,7:50,6:27,400,379,1.39,0,0,0,0,0,--,--,--,--,--,0:00,0,0:00,No,01:37.8,7,0,--,--,--,--,--,--,--,0:48:35,0:49:25,634,741
Pool Swimming,7/23/2021 18:08,FALSE,Pool Swimming,500,112,0:19:34,123,152,1.2,--,--,1:27,0:44,--,--,0,0,0,0,0,0,219,33,30,--,--,0:00,0,0:00,No,00:03.1,32,0,--,--,--,--,--,--,--,07:16.3,0:37:25,--,--
Running,7/23/2021 6:22,FALSE,Athens Running,3.11,362,0:21:03,171,187,3.3,154,167,6:46,5:18,115,28,1.54,0,0,0,0,0,--,--,--,--,--,0:00,0,0:00,No,00:49.8,4,0,--,--,--,--,--,--,--,0:21:01,0:21:41,636,741
Pool Swimming,7/22/2021 17:59,FALSE,Pool Swimming,975,205,0:47:33,117,170,1.6,--,--,1:58,1:01,--,--,0,0,0,0,0,0,573,44,30,--,--,0:00,0,0:00,No,00:00.0,61,0,--,--,--,--,--,--,--,0:19:12,0:55:31,--,--
Running,7/22/2021 6:19,FALSE,Athens Running,6.23,833,0:49:56,167,185,4.2,148,162,8:01,6:40,387,327,1.35,0,0,0,0,0,--,--,--,--,--,0:00,0,0:00,No,01:41.2,7,0,--,--,--,--,--,--,--,0:49:52,0:51:08,635,741
Pool Swimming,7/21/2021 18:09,FALSE,Pool Swimming,975,197,0:35:52,115,144,1,--,--,1:49,0:48,--,--,0,0,0,0,0,0,533,41,30,--,--,0:00,0,0:00,No,00:02.8,51,0,--,--,--,--,--,--,--,0:17:41,0:42:20,--,--
Running,7/21/2021 6:05,FALSE,Athens Running,5.7,648,0:42:28,162,188,3.4,149,206,7:27,4:02,97,93,1.43,0,0,0,0,0,--,--,--,--,--,0:00,0,0:00,No,00:17.8,19,0,--,--,--,--,--,--,--,0:42:20,0:56:17,719,736
Running,7/18/2021 7:10,FALSE,Athens Running,16.01,"1,999",2:07:33,165,177,5,147,192,7:58,5:11,851,866,1.37,0,0,0,0,0,--,--,--,--,--,0:00,0,0:00,No,00:04.3,17,0,--,--,--,--,--,--,--,2:06:58,2:16:37,581,781
Pool Swimming,7/17/2021 14:14,FALSE,Pool Swimming,700,141,0:26:51,121,164,1.1,--,--,1:51,1:11,--,--,0,0,0,0,0,0,342,40,26,--,--,0:00,0,0:00,No,00:06.8,50,0,--,--,--,--,--,--,--,0:13:00,0:29:38,--,--
Pool Swimming,7/16/2021 17:02,FALSE,Pool Swimming,975,195,0:32:45,123,152,1.4,--,--,1:42,0:45,--,--,0,0,0,0,0,0,518,39,31,--,--,0:00,0,0:00,No,00:05.4,59,0,--,--,--,--,--,--,--,0:16:39,0:36:03,--,--
Running,7/16/2021 6:25,FALSE,Athens Running,6.22,822,0:49:42,165,177,4,150,162,7:59,6:59,384,354,1.35,0,0,0,0,0,--,--,--,--,--,0:00,0,0:00,No,01:39.2,7,0,--,--,--,--,--,--,--,0:49:34,0:49:52,634,741
Running,7/15/2021 18:42,FALSE,Athens Running,4.28,590,0:33:50,172,185,3.8,147,167,7:54,5:31,294,229,1.38,0,0,0,0,0,--,--,--,--,--,0:00,0,0:00,No,02:08.4,5,0,--,--,--,--,--,--,--,0:33:43,0:33:59,630,781
Pool Swimming,7/14/2021 18:11,FALSE,Pool Swimming,625,125,0:20:31,124,152,1.2,--,--,1:38,0:51,--,--,0,0,0,0,0,0,318,37,31,--,--,0:00,0,0:00,No,00:03.4,39,0,--,--,--,--,--,--,--,0:10:13,0:23:11,--,--
Running,7/14/2021 5:53,FALSE,Athens Running,6.33,717,0:46:35,162,183,3.4,153,184,7:21,4:37,53,53,1.41,0,0,0,0,0,--,--,--,--,--,0:00,0,0:00,No,00:20.7,25,0,--,--,--,--,--,--,--,0:46:25,0:59:25,719,738
Pool Swimming,7/13/2021 17:25,FALSE,Pool Swimming,475,100,0:19:13,121,143,1,--,--,1:51,1:05,--,--,0,0,0,0,0,0,239,40,27,--,--,0:00,0,0:00,No,00:01.7,35,0,--,--,--,--,--,--,--,08:44.9,0:21:39,--,--
Running,7/13/2021 6:21,FALSE,Athens Running,8.02,"1,011",1:00:22,168,181,4.4,151,162,7:32,6:23,483,428,1.42,0,0,0,0,0,--,--,--,--,--,0:00,0,0:00,No,00:08.6,9,0,--,--,--,--,--,--,--,1:00:12,1:00:59,634,741
Pool Swimming,7/12/2021 18:37,FALSE,Pool Swimming,725,148,0:31:12,115,142,1,--,--,1:56,1:05,--,--,0,0,0,0,0,0,379,42,27,--,--,0:00,0,0:00,No,00:02.8,57,0,--,--,--,--,--,--,--,0:13:58,0:43:10,--,--
Running,7/11/2021 7:04,FALSE,Athens Running,15.01,"1,874",1:59:55,163,176,4.7,150,181,7:59,5:24,718,676,1.34,0,0,0,0,0,--,--,--,--,--,0:00,0,0:00,No,00:02.6,16,0,--,--,--,--,--,--,--,1:59:33,2:08:07,581,781
Pool Swimming,7/10/2021 12:54,FALSE,Pool Swimming,525,105,0:20:31,117,136,0.8,--,--,1:49,1:16,--,--,0,0,0,0,0,0,268,40,28,--,--,0:00,0,0:00,No,00:05.1,42,0,--,--,--,--,--,--,--,09:31.8,0:20:39,--,--
Running,7/10/2021 7:12,FALSE,Athens Running,2.97,391,0:32:27,139,163,2.1,145,167,10:56,7:55,180,203,1.01,0,0,0,0,0,--,--,--,--,--,0:00,0,0:00,No,10:04.0,3,0,--,--,--,--,--,--,--,0:32:24,0:41:33,604,749
Running,7/9/2021 6:53,FALSE,Athens Running,8,"1,062",1:04:35,163,176,4.3,151,179,8:04,7:03,464,454,1.32,0,0,0,0,0,--,--,--,--,--,0:00,0,0:00,No,00:01.7,9,0,--,--,--,--,--,--,--,1:04:29,1:06:54,630,741
Running,7/8/2021 18:36,FALSE,Athens Running,4.92,679,0:46:50,151,171,3.2,144,158,9:31,7:37,350,351,1.17,0,0,0,0,0,--,--,--,--,--,0:00,0,0:00,No,08:32.6,5,0,--,--,--,--,--,--,--,0:46:38,0:48:37,630,781
Running,7/8/2021 17:40,FALSE,Athens Running,1.35,177,0:12:38,143,159,2.1,146,160,9:19,7:34,73,74,1.18,0,0,0,0,0,--,--,--,--,--,0:00,0,0:00,No,03:17.2,2,0,--,--,--,--,--,--,--,0:12:26,0:12:55,604,661
Pool Swimming,7/7/2021 18:27,FALSE,Pool Swimming,700,140,0:30:56,119,143,1.2,--,--,1:58,1:16,--,--,0,0,0,0,0,0,384,43,28,--,--,0:00,0,0:00,No,00:06.8,56,0,--,--,--,--,--,--,--,0:13:45,0:31:20,--,--
Running,7/7/2021 6:33,FALSE,Athens Running,6.01,743,0:47:00,158,171,3.5,155,170,7:49,6:43,366,342,1.33,0,0,0,0,0,--,--,--,--,--,0:00,0,0:00,No,00:04.6,7,0,--,--,--,--,--,--,--,0:46:43,0:48:32,635,741
Pool Swimming,7/6/2021 18:36,FALSE,Pool Swimming,800,160,0:33:11,125,167,1.5,--,--,2:06,1:35,--,--,0,0,0,0,0,0,478,47,28,--,--,0:00,0,0:00,No,00:01.9,66,0,--,--,--,--,--,--,--,0:16:51,0:33:17,--,--
Running,7/6/2021 7:02,FALSE,Athens Running,4.03,473,0:28:27,166,180,3.3,154,179,7:03,5:56,230,247,1.48,0,0,0,0,0,--,--,--,--,--,0:00,0,0:00,No,00:09.6,8,0,--,--,--,--,--,--,--,0:28:24,0:29:42,632,781
Running,7/6/2021 6:25,FALSE,Athens Running,2.92,330,0:20:57,159,182,2.8,155,184,7:11,4:55,43,37,1.42,0,0,0,0,0,--,--,--,--,--,0:00,0,0:00,No,00:40.3,8,0,--,--,--,--,--,--,--,0:20:56,0:30:28,719,736
Running,7/5/2021 8:23,FALSE,Athens Running,3.15,396,0:29:39,142,155,2.3,147,160,9:25,7:42,118,68,1.16,0,0,0,0,0,--,--,--,--,--,0:00,0,0:00,No,01:26.2,4,0,--,--,--,--,--,--,--,0:29:37,0:29:39,633,741
Running,7/4/2021 6:34,FALSE,Athens Running,13.11,"1,522",1:41:51,158,177,4.2,152,176,7:46,5:38,737,756,1.36,0,0,0,0,0,--,--,--,--,--,0:00,0,0:00,No,00:50.6,14,0,--,--,--,--,--,--,--,1:41:26,1:46:02,581,781
Running,7/3/2021 8:05,FALSE,Athens Running,4.01,530,0:38:29,146,161,2.7,146,162,9:36,8:43,259,200,1.15,0,0,0,0,0,--,--,--,--,--,0:00,0,0:00,No,00:09.4,5,0,--,--,--,--,--,--,--,0:38:27,0:38:43,634,741
Running,7/2/2021 6:01,FALSE,Athens Running,8.01,"1,077",1:04:59,166,177,4.3,152,166,8:07,6:44,506,452,1.3,0,0,0,0,0,--,--,--,--,--,0:00,0,0:00,No,00:02.3,9,0,--,--,--,--,--,--,--,1:04:50,1:07:08,634,741
Running,7/1/2021 18:36,FALSE,Athens Running,4.92,683,0:41:37,163,180,3.7,149,166,8:28,6:24,318,307,1.27,0,0,0,0,0,--,--,--,--,--,0:00,0,0:00,No,07:12.6,5,0,--,--,--,--,--,--,--,0:41:28,0:43:12,627,781
Pool Swimming,7/1/2021 6:19,FALSE,Pool Swimming,775,159,0:35:11,105,146,0.5,--,--,1:57,0:55,--,--,0,0,0,0,0,0,376,41,25,--,--,0:00,0,0:00,No,00:01.2,60,0,--,--,--,--,--,--,--,0:15:04,0:46:04,--,--
Running,6/30/2021 6:22,FALSE,Athens Running,5.27,584,0:38:07,160,186,3.3,154,184,7:14,4:54,140,124,1.43,0,0,0,0,0,--,--,--,--,--,0:00,0,0:00,No,00:07.0,15,0,--,--,--,--,--,--,--,0:38:05,0:45:05,719,737
Running,6/29/2021 5:55,FALSE,Athens Running,8.01,"1,017",1:03:16,162,175,4.1,150,160,7:54,6:39,473,385,1.36,0,0,0,0,0,--,--,--,--,--,0:00,0,0:00,No,00:03.5,9,0,--,--,--,--,--,--,--,1:03:08,1:03:40,631,741
Pool Swimming,6/28/2021 18:04,FALSE,Pool Swimming,"1,050",237,0:34:23,110,138,0.8,--,--,1:07,0:50,--,--,0,0,0,0,0,0,317,49,27,--,--,0:00,0,0:00,No,00:01.8,58,0,--,--,--,--,--,--,--,0:11:48,0:41:24,--,--
Running,6/27/2021 7:25,FALSE,Athens Running,13.14,"1,571",1:45:09,160,173,4.3,150,170,8:00,6:15,752,653,1.34,0,0,0,0,0,--,--,--,--,--,0:00,0,0:00,No,01:03.1,14,0,--,--,--,--,--,--,--,1:44:11,1:54:57,581,781
Running,6/26/2021 8:29,FALSE,Athens Running,4.21,554,0:42:10,144,155,2.5,145,164,10:00,8:19,210,155,1.11,0,0,0,0,0,--,--,--,--,--,0:00,0,0:00,No,02:03.3,5,0,--,--,--,--,--,--,--,0:42:09,0:42:24,633,741
Running,6/25/2021 6:23,FALSE,Athens Running,8.03,"1,045",1:03:21,166,178,4.2,150,164,7:54,6:52,483,411,1.36,0,0,0,0,0,--,--,--,--,--,0:00,0,0:00,No,00:12.0,9,0,--,--,--,--,--,--,--,1:03:01,1:03:52,634,741
Running,6/24/2021 18:38,FALSE,Athens Running,4.73,664,0:43:44,156,170,3.4,143,166,9:14,7:22,199,199,1.22,0,0,0,0,0,--,--,--,--,--,0:00,0,0:00,No,06:57.5,5,0,--,--,--,--,--,--,--,0:43:04,0:54:12,683,781
Running,6/23/2021 6:17,FALSE,Athens Running,8.01,"1,007",1:00:41,166,177,4.3,154,203,7:35,6:09,491,397,1.38,0,0,0,0,0,--,--,--,--,--,0:00,0,0:00,No,00:02.4,9,0,--,--,--,--,--,--,--,1:00:39,1:01:17,630,741
Running,6/22/2021 6:31,FALSE,Athens Running,5.01,599,0:34:29,173,185,4,156,168,6:53,5:43,310,295,1.5,0,0,0,0,0,--,--,--,--,--,0:00,0,0:00,No,00:02.1,6,0,--,--,--,--,--,--,--,0:34:25,0:35:03,634,741
Running,6/20/2021 7:46,FALSE,Athens Running,16.01,"2,063",2:14:04,163,177,5,148,169,8:23,6:15,845,801,1.3,0,0,0,0,0,--,--,--,--,--,0:00,0,0:00,No,00:01.9,17,0,--,--,--,--,--,--,--,2:13:26,2:21:16,581,781
Running,6/19/2021 8:21,FALSE,Athens Running,5.01,649,0:46:57,147,166,2.8,145,162,9:23,6:30,297,274,1.18,0,0,0,0,0,--,--,--,--,--,0:00,0,0:00,No,00:02.5,6,0,--,--,--,--,--,--,--,0:46:56,0:47:06,634,741
Running,6/18/2021 6:18,FALSE,Athens Running,5.01,597,0:36:26,165,182,3.7,154,178,7:16,5:08,283,234,1.43,0,0,0,0,0,--,--,--,--,--,0:00,0,0:00,No,00:03.2,6,0,--,--,--,--,--,--,--,0:36:22,0:36:26,633,741
Running,6/17/2021 6:05,FALSE,Athens Running,10.01,"1,198",1:17:01,162,175,4.1,152,168,7:42,6:13,541,532,1.38,0,0,0,0,0,--,--,--,--,--,0:00,0,0:00,No,00:01.9,11,0,--,--,--,--,--,--,--,1:16:52,1:17:30,633,752
Running,6/16/2021 17:17,FALSE,Athens Running,3.09,375,0:30:28,137,149,2.1,146,159,9:51,7:45,118,55,1.12,0,0,0,0,0,--,--,--,--,--,0:00,0,0:00,No,00:54.9,4,0,--,--,--,--,--,--,--,0:30:27,0:30:32,634,741
Running,6/16/2021 6:28,FALSE,Athens Running,3.42,445,0:33:05,145,159,2.5,146,160,9:41,8:24,116,49,1.14,0,0,0,0,0,--,--,--,--,--,0:00,0,0:00,No,04:06.8,4,0,--,--,--,--,--,--,--,0:33:03,0:33:11,635,741
Running,6/15/2021 6:05,FALSE,Athens Running,10.01,"1,238",1:19:28,162,172,4.1,150,167,7:57,6:53,555,544,1.35,0,0,0,0,0,--,--,--,--,--,0:00,0,0:00,No,00:01.6,11,0,--,--,--,--,--,--,--,1:19:14,1:20:31,634,741
Running,6/13/2021 7:25,FALSE,Athens Running,16,"2,010",2:10:32,166,179,5,148,169,8:09,6:24,809,846,1.33,0,0,0,0,0,--,--,--,--,--,0:00,0,0:00,No,00:01.9,17,0,--,--,--,--,--,--,--,2:09:43,2:17:06,581,781
Running,6/12/2021 9:09,FALSE,Athens Running,3.5,490,0:36:47,147,160,2.6,141,155,10:30,8:44,78,85,1.08,0,0,0,0,0,--,--,--,--,--,0:00,0,0:00,No,05:33.5,4,0,--,--,--,--,--,--,--,0:36:27,0:38:03,606,689
Running,6/11/2021 6:19,FALSE,Athens Running,5.03,624,0:39:21,161,177,3.5,154,172,7:49,6:12,325,266,1.34,0,0,0,0,0,--,--,--,--,--,0:00,0,0:00,No,00:15.0,6,0,--,--,--,--,--,--,--,0:39:19,0:39:21,633,741
Running,6/10/2021 6:28,FALSE,Athens Running,10.01,"1,282",1:20:00,164,177,4.5,149,173,8:00,6:34,637,584,1.35,0,0,0,0,0,--,--,--,--,--,0:00,0,0:00,No,00:03.8,11,0,--,--,--,--,--,--,--,1:19:45,1:21:28,633,741
Running,6/9/2021 17:36,FALSE,Athens Running,3,383,0:28:49,143,157,2.4,143,192,9:36,4:23,191,208,1.17,0,0,0,0,0,--,--,--,--,--,0:00,0,0:00,No,00:02.5,4,0,--,--,--,--,--,--,--,0:28:48,0:29:55,640,663
Running,6/9/2021 6:32,FALSE,Athens Running,3.2,402,0:30:24,142,154,2.3,149,161,9:30,8:03,128,71,1.14,0,0,0,0,0,--,--,--,--,--,0:00,0,0:00,No,01:54.5,4,0,--,--,--,--,--,--,--,0:30:22,0:30:24,631,741
Running,6/8/2021 6:20,FALSE,Athens Running,8.01,"1,019",1:01:04,169,179,4.6,153,192,7:38,6:24,498,429,1.38,0,0,0,0,0,--,--,--,--,--,0:00,0,0:00,No,00:02.5,9,0,--,--,--,--,--,--,--,1:00:59,1:01:17,631,741
Running,6/6/2021 7:54,FALSE,Athens Running,14.1,"2,089",2:22:12,163,177,5,146,203,10:05,7:30,890,898,1.1,0,0,0,0,0,--,--,--,--,--,0:00,0,0:00,No,00:53.0,15,0,--,--,--,--,--,--,--,2:22:03,2:29:45,650,727
Running,6/5/2021 9:11,FALSE,Athens Running,3.19,442,0:33:11,144,164,2.4,146,159,10:24,8:43,3,--,1.06,0,0,0,0,0,--,--,--,--,--,0:00,0,0:00,No,02:04.7,4,0,--,--,--,--,--,--,--,0:33:04,0:33:59,658,675
Running,6/4/2021 6:04,FALSE,Athens Running,5.01,696,0:42:23,164,177,3.7,149,172,8:28,7:01,231,206,1.27,0,0,0,0,0,--,--,--,--,--,0:00,0,0:00,No,00:03.3,6,0,--,--,--,--,--,--,--,0:42:22,0:42:30,633,741
Running,6/3/2021 6:13,FALSE,Athens Running,6.26,694,0:45:44,160,181,3.4,147,186,7:19,4:32,173,156,1.47,0,0,0,0,0,--,--,--,--,--,0:00,0,0:00,No,00:06.4,23,0,--,--,--,--,--,--,--,0:45:02,1:03:15,719,738
Running,6/2/2021 17:11,FALSE,Athens Running,3.07,369,0:29:24,139,157,2.2,145,218,9:34,3:49,20,28,1.16,0,0,0,0,0,--,--,--,--,--,0:00,0,0:00,No,00:42.2,4,0,--,--,--,--,--,--,--,0:29:19,0:29:56,634,653
Running,6/2/2021 6:23,FALSE,Athens Running,3.15,406,0:32:25,140,155,2.2,145,158,10:18,8:46,136,64,1.08,0,0,0,0,0,--,--,--,--,--,0:00,0,0:00,No,01:25.2,4,0,--,--,--,--,--,--,--,0:32:25,0:32:25,632,741
Running,6/1/2021 6:24,FALSE,Athens Running,10,"1,168",1:19:42,156,176,3.8,149,178,7:58,6:27,608,593,1.36,0,0,0,0,0,--,--,--,--,--,0:00,0,0:00,No,00:01.9,11,0,--,--,--,--,--,--,--,1:19:29,1:20:28,632,741
Running,5/31/2021 9:40,FALSE,Athens Running,4.16,534,0:43:17,141,159,2.4,145,208,10:24,3:57,148,150,1.07,0,0,0,0,0,--,--,--,--,--,0:00,0,0:00,No,01:44.5,5,0,--,--,--,--,--,--,--,0:43:17,0:45:52,605,689
Running,5/30/2021 7:13,FALSE,Athens Running,12.01,"1,432",1:31:35,162,180,4.4,150,175,7:38,5:40,660,622,1.4,0,0,0,0,0,--,--,--,--,--,0:00,0,0:00,No,00:02.6,13,0,--,--,--,--,--,--,--,1:31:17,1:34:40,581,781
Running,5/29/2021 8:44,FALSE,Athens Running,3.01,391,0:29:45,141,153,2.3,148,170,9:54,8:07,7,6,1.1,0,0,0,0,0,--,--,--,--,--,0:00,0,0:00,No,00:02.5,4,0,--,--,--,--,--,--,--,0:29:38,0:30:04,650,676
Running,5/28/2021 6:24,FALSE,Athens Running,5.06,670,0:40:56,164,176,3.7,149,169,8:05,6:52,291,238,1.34,0,0,0,0,0,--,--,--,--,--,0:00,0,0:00,No,00:30.0,6,0,--,--,--,--,--,--,--,0:40:54,0:40:56,633,741
Running,5/27/2021 6:22,FALSE,Athens Running,9.1,"1,149",1:13:02,160,179,4,149,171,8:01,6:53,473,379,1.35,0,0,0,0,0,--,--,--,--,--,0:00,0,0:00,No,00:45.7,10,0,--,--,--,--,--,--,--,1:12:55,1:13:32,634,741
Running,5/26/2021 6:18,FALSE,Athens Running,4.45,638,0:46:05,147,165,2.8,144,160,10:22,8:33,297,260,1.08,0,0,0,0,0,--,--,--,--,--,0:00,0,0:00,No,04:26.8,5,0,--,--,--,--,--,--,--,0:45:58,0:46:49,634,741
Running,5/25/2021 6:44,FALSE,Athens Running,6.01,729,0:41:42,173,186,4.3,152,169,6:56,5:40,401,315,1.52,0,0,0,0,0,--,--,--,--,--,0:00,0,0:00,No,00:02.0,7,0,--,--,--,--,--,--,--,0:41:42,0:41:53,634,741
Running,5/24/2021 6:27,FALSE,Athens Running,4.01,519,0:32:55,157,170,3.2,149,172,8:13,7:12,187,202,1.32,0,0,0,0,0,--,--,--,--,--,0:00,0,0:00,No,00:02.5,5,0,--,--,--,--,--,--,--,0:32:54,0:32:57,629,741
Running,5/21/2021 6:19,FALSE,Athens Running,8.01,951,0:57:28,165,180,4.2,154,184,7:10,5:46,469,446,1.46,0,0,0,0,0,--,--,--,--,--,0:00,0,0:00,No,00:03.0,9,0,--,--,--,--,--,--,--,0:57:16,0:58:14,634,741
Running,5/20/2021 6:32,FALSE,Athens Running,5.08,629,0:42:44,151,170,3.1,150,180,8:25,7:14,338,275,1.27,0,0,0,0,0,--,--,--,--,--,0:00,0,0:00,No,00:37.7,6,0,--,--,--,--,--,--,--,0:42:42,0:42:44,630,741
Running,5/19/2021 6:27,FALSE,Athens Running,4,538,0:39:25,145,161,2.6,147,170,9:51,8:36,205,215,1.11,0,0,0,0,0,--,--,--,--,--,0:00,0,0:00,No,00:02.1,5,0,--,--,--,--,--,--,--,0:39:24,0:39:25,633,741
Running,5/18/2021 6:47,FALSE,Athens Running,8,969,0:59:16,164,175,4.1,152,184,7:24,4:48,494,413,1.43,0,0,0,0,0,--,--,--,--,--,0:00,0,0:00,No,00:00.9,9,0,--,--,--,--,--,--,--,0:59:06,1:00:36,634,741
Running,5/17/2021 17:47,FALSE,Athens Running,4,577,0:37:55,156,199,3.2,143,167,9:28,5:02,321,267,1.19,0,0,0,0,0,--,--,--,--,--,0:00,0,0:00,No,00:02.0,5,0,--,--,--,--,--,--,--,0:37:53,0:37:55,631,741
Running,5/15/2021 6:23,FALSE,Athens Running,8.01,982,1:03:22,158,174,3.6,151,162,7:55,6:34,450,380,1.35,0,0,0,0,0,--,--,--,--,--,0:00,0,0:00,No,00:01.7,9,0,--,--,--,--,--,--,--,1:03:03,1:04:08,634,741
Running,5/14/2021 17:02,FALSE,Athens Running,5,625,0:41:33,153,167,3.1,148,176,8:18,6:53,270,247,1.31,0,0,0,0,0,--,--,--,--,--,0:00,0,0:00,No,00:01.3,6,0,--,--,--,--,--,--,--,0:41:32,0:41:35,634,741
Running,5/13/2021 6:14,FALSE,Athens Running,14,"1,644",1:46:48,164,180,4.6,153,165,7:38,6:21,557,545,1.38,0,0,0,0,0,--,--,--,--,--,0:00,0,0:00,No,00:01.3,15,0,--,--,--,--,--,--,--,1:46:29,1:49:15,632,755
Running,5/12/2021 6:16,FALSE,Athens Running,3.27,412,0:33:09,138,151,2.2,147,158,10:09,9:11,114,55,1.08,0,0,0,0,0,--,--,--,--,--,0:00,0,0:00,No,02:34.7,4,0,--,--,--,--,--,--,--,0:33:08,0:33:09,634,741
Running,5/11/2021 7:16,FALSE,Athens Running,10.01,"1,207",1:14:27,164,176,4.3,152,177,7:26,5:54,596,523,1.42,0,0,0,0,0,--,--,--,--,--,0:00,0,0:00,No,00:01.9,11,0,--,--,--,--,--,--,--,1:14:18,1:16:31,629,741
Running,5/9/2021 7:01,FALSE,Athens Running,13.13,"1,460",1:41:26,158,174,4.1,153,177,7:44,4:54,798,763,1.36,0,0,0,0,0,--,--,--,--,--,0:00,0,0:00,No,01:01.9,14,0,--,--,--,--,--,--,--,1:41:00,1:46:15,581,781
Running,5/8/2021 9:34,FALSE,Athens Running,4.01,530,0:36:56,148,165,2.9,145,162,9:12,7:50,233,169,1.2,0,0,0,0,0,--,--,--,--,--,0:00,0,0:00,No,00:07.1,5,0,--,--,--,--,--,--,--,0:36:50,0:38:33,633,741
Running,5/7/2021 17:07,FALSE,Athens Running,6.29,788,0:49:54,160,175,3.7,152,171,7:56,6:26,463,373,1.33,0,0,0,0,0,--,--,--,--,--,0:00,0,0:00,No,02:14.5,7,0,--,--,--,--,--,--,--,0:49:41,0:50:46,627,741
Running,5/6/2021 6:24,FALSE,Athens Running,9.24,"1,034",1:11:10,155,170,3.6,153,167,7:42,6:17,505,413,1.37,0,0,0,0,0,--,--,--,--,--,0:00,0,0:00,No,01:45.5,10,0,--,--,--,--,--,--,--,1:10:51,1:14:03,634,741
Running,5/5/2021 17:53,FALSE,Athens Running,5,645,0:49:30,145,160,2.7,145,162,9:54,8:23,323,275,1.12,0,0,0,0,0,--,--,--,--,--,0:00,0,0:00,No,09:29.1,5,0,--,--,--,--,--,--,--,0:49:29,0:49:36,630,741
Running,5/5/2021 6:14,FALSE,Athens Running,3.18,439,0:33:42,142,158,2.3,146,158,10:37,9:01,115,72,1.04,0,0,0,0,0,--,--,--,--,--,0:00,0,0:00,No,01:50.8,4,0,--,--,--,--,--,--,--,0:33:42,0:33:42,634,741
Running,5/4/2021 6:27,FALSE,Athens Running,8.01,973,0:56:43,171,181,4.6,154,171,7:05,5:32,495,432,1.48,0,0,0,0,0,--,--,--,--,--,0:00,0,0:00,No,00:02.0,9,0,--,--,--,--,--,--,--,0:56:23,0:57:38,632,741
Running,5/2/2021 7:41,FALSE,Athens Running,16.01,"1,939",2:03:08,165,181,5,152,178,7:42,5:33,847,873,1.38,0,0,0,0,0,--,--,--,--,--,0:00,0,0:00,No,00:02.7,17,0,--,--,--,--,--,--,--,2:02:27,2:11:43,581,781
Running,4/30/2021 17:51,FALSE,Athens Running,5.01,606,0:35:39,168,179,3.7,156,174,7:07,5:48,230,178,1.45,0,0,0,0,0,--,--,--,--,--,0:00,0,0:00,No,00:02.9,6,0,--,--,--,--,--,--,--,0:35:36,0:35:39,633,741
Running,4/29/2021 6:17,FALSE,Athens Running,6.32,707,0:45:05,161,184,3.4,154,186,7:08,4:50,35,31,1.45,0,0,0,0,0,--,--,--,--,--,0:00,0,0:00,No,00:09.9,15,0,--,--,--,--,--,--,--,0:44:58,0:55:00,719,736
Running,4/28/2021 17:49,FALSE,Athens Running,3.55,471,0:33:12,152,182,2.8,148,186,9:22,4:10,264,195,1.16,0,0,0,0,0,--,--,--,--,--,0:00,0,0:00,No,05:13.3,4,0,--,--,--,--,--,--,--,0:33:10,0:33:12,633,741
Running,4/28/2021 6:39,FALSE,Athens Running,3.2,410,0:30:53,142,164,2.4,150,157,9:38,8:03,117,46,1.11,0,0,0,0,0,--,--,--,--,--,0:00,0,0:00,No,01:53.3,4,0,--,--,--,--,--,--,--,0:30:51,0:30:53,635,741
Running,4/27/2021 6:10,FALSE,Athens Running,8.01,976,1:01:43,161,176,3.9,154,192,7:42,4:14,507,421,1.36,0,0,0,0,0,--,--,--,--,--,0:00,0,0:00,No,00:06.3,9,0,--,--,--,--,--,--,--,1:01:32,1:02:36,634,741
Running,4/26/2021 6:23,FALSE,Athens Running,3.21,415,0:32:50,140,158,2.2,146,160,10:14,8:21,125,90,1.07,0,0,0,0,0,--,--,--,--,--,0:00,0,0:00,No,02:08.4,4,0,--,--,--,--,--,--,--,0:32:34,0:33:05,633,741
Running,4/25/2021 7:24,FALSE,Athens Running,13.12,"1,533",1:38:49,163,178,4.5,154,180,7:32,5:53,804,771,1.38,0,0,0,0,0,--,--,--,--,--,0:00,0,0:00,No,00:49.3,14,0,--,--,--,--,--,--,--,1:38:01,1:43:38,581,781
Running,4/23/2021 8:14,FALSE,Athens Running,6.01,762,0:47:19,163,185,3.7,156,172,7:53,6:17,435,336,1.31,0,0,0,0,0,--,--,--,--,--,0:00,0,0:00,No,00:03.4,7,0,--,--,--,--,--,--,--,0:47:11,0:48:27,633,741
Running,4/22/2021 7:24,FALSE,Athens Running,6.02,744,0:46:15,162,183,3.8,155,170,7:41,6:34,397,303,1.35,0,0,0,0,0,--,--,--,--,--,0:00,0,0:00,No,00:06.6,7,0,--,--,--,--,--,--,--,0:45:56,0:46:26,632,741
Running,4/21/2021 8:11,FALSE,Athens Running,6.24,792,0:59:08,147,172,3,149,192,9:28,4:43,384,296,1.14,0,0,0,0,0,--,--,--,--,--,0:00,0,0:00,No,01:58.7,7,0,--,--,--,--,--,--,--,0:58:48,1:00:37,633,741
Running,4/20/2021 7:02,FALSE,Athens Running,6.01,758,0:48:04,159,174,3.5,154,165,8:00,6:57,412,328,1.29,0,0,0,0,0,--,--,--,--,--,0:00,0,0:00,No,00:04.1,7,0,--,--,--,--,--,--,--,0:47:56,0:48:25,633,741
Running,4/18/2021 7:25,FALSE,Athens Running,15.01,"1,792",2:08:17,157,175,4.2,151,198,8:33,5:57,807,761,1.25,0,0,0,0,0,--,--,--,--,--,0:00,0,0:00,No,00:03.6,16,0,--,--,--,--,--,--,--,2:07:24,2:16:01,581,781
Running,4/17/2021 9:19,FALSE,Athens Running,3.84,543,0:37:49,151,166,2.9,144,172,9:50,5:44,200,210,1.14,0,0,0,0,0,--,--,--,--,--,0:00,0,0:00,No,08:39.4,4,0,--,--,--,--,--,--,--,0:37:19,0:40:42,631,781
Running,4/16/2021 17:15,FALSE,Athens Running,6.02,779,0:47:32,164,190,3.9,151,180,7:53,5:03,250,245,1.35,0,0,0,0,0,--,--,--,--,--,0:00,0,0:00,No,00:13.4,7,0,--,--,--,--,--,--,--,0:47:31,0:47:38,632,741
Running,4/15/2021 6:11,FALSE,Athens Running,8.01,"1,037",1:04:37,162,178,4,152,204,8:04,4:10,519,430,1.31,0,0,0,0,0,--,--,--,--,--,0:00,0,0:00,No,00:02.4,9,0,--,--,--,--,--,--,--,1:04:20,1:05:20,632,741
Running,4/14/2021 17:43,FALSE,Athens Running,3.25,410,0:27:27,153,184,3,151,174,8:27,5:07,121,75,1.26,0,0,0,0,0,--,--,--,--,--,0:00,0,0:00,No,02:35.4,4,0,--,--,--,--,--,--,--,0:27:26,0:27:27,635,741
Running,4/14/2021 6:05,FALSE,Athens Running,3.16,430,0:32:54,143,166,2.3,147,160,10:25,8:56,114,28,1.05,0,0,0,0,0,--,--,--,--,--,0:00,0,0:00,No,01:36.7,4,0,--,--,--,--,--,--,--,0:32:53,0:32:54,632,741
Running,4/13/2021 6:07,FALSE,Athens Running,6.09,679,0:45:13,160,184,3.3,156,194,7:26,4:29,102,110,1.37,0,0,0,0,0,--,--,--,--,--,0:00,0,0:00,No,00:24.2,19,0,--,--,--,--,--,--,--,0:45:10,0:55:22,719,737
Running,4/12/2021 17:33,FALSE,Athens Running,4.09,559,0:39:52,150,164,3,147,175,9:45,6:02,216,208,1.13,0,0,0,0,0,--,--,--,--,--,0:00,0,0:00,No,00:50.8,5,0,--,--,--,--,--,--,--,0:39:49,0:40:19,633,741
Walking,4/11/2021 13:30,FALSE,Barrow County Walking,1.02,145,0:28:29,96,112,0.2,66,193,27:58:00,17:58,50,60,0.88,0,0,0,0,0,--,--,--,--,--,0:00,0,0:00,No,00:22.9,2,0,--,--,--,--,--,--,--,0:22:57,0:28:29,823,850
Running,4/11/2021 7:30,FALSE,Athens Running,14,"1,654",1:50:19,162,181,4.5,152,182,7:53,5:24,761,732,1.34,0,0,0,0,0,--,--,--,--,--,0:00,0,0:00,No,00:01.1,15,0,--,--,--,--,--,--,--,1:49:54,1:54:54,581,781
Running,4/10/2021 9:49,FALSE,Athens Running,2.06,296,0:20:50,149,160,2.4,147,213,10:08,3:35,22,23,1.08,0,0,0,0,0,--,--,--,--,--,0:00,0,0:00,No,00:34.4,3,0,--,--,--,--,--,--,--,0:20:43,0:21:10,658,675
Running,4/10/2021 9:27,FALSE,Athens Running,2,284,0:20:23,146,158,2.3,146,156,10:11,8:39,83,67,1.08,0,0,0,0,0,--,--,--,--,--,0:00,0,0:00,No,00:01.0,3,0,--,--,--,--,--,--,--,0:20:23,0:20:23,604,689
Running,4/9/2021 5:54,FALSE,Athens Running,8.01,"1,051",1:06:04,163,180,4.2,152,162,8:15,7:10,527,476,1.28,0,0,0,0,0,--,--,--,--,--,0:00,0,0:00,No,00:03.3,9,0,--,--,--,--,--,--,--,1:05:56,1:10:45,634,741
Running,4/8/2021 6:04,FALSE,Athens Running,6.01,662,0:46:05,158,185,3.3,152,186,7:40,4:36,183,181,1.35,0,0,0,0,0,--,--,--,--,--,0:00,0,0:00,No,00:56.5,18,0,--,--,--,--,--,--,--,0:45:55,0:57:38,719,738
Running,4/7/2021 17:35,FALSE,Athens Running,3.21,436,0:30:34,150,171,2.8,146,172,9:32,7:28,114,74,1.16,0,0,0,0,0,--,--,--,--,--,0:00,0,0:00,No,01:57.2,4,0,--,--,--,--,--,--,--,0:30:34,0:30:34,635,741
Running,4/7/2021 6:25,FALSE,Athens Running,3.16,411,0:32:47,142,157,2.3,146,157,10:22,8:26,131,47,1.07,0,0,0,0,0,--,--,--,--,--,0:00,0,0:00,No,01:44.9,4,0,--,--,--,--,--,--,--,0:32:46,0:32:47,633,741
Running,4/6/2021 6:07,FALSE,Athens Running,8,"1,005",1:05:10,161,177,3.9,150,196,8:08,3:59,475,401,1.31,0,0,0,0,0,--,--,--,--,--,0:00,0,0:00,No,00:02.3,9,0,--,--,--,--,--,--,--,1:05:06,1:05:26,633,741
Running,4/5/2021 17:40,FALSE,Athens Running,4,534,0:40:26,146,159,2.7,144,154,10:06,7:19,189,172,1.11,0,0,0,0,0,--,--,--,--,--,0:00,0,0:00,No,00:02.3,5,0,--,--,--,--,--,--,--,0:40:25,0:40:26,631,741
Running,4/3/2021 7:22,FALSE,Athens Running,12.01,"1,428",1:39:07,159,181,4.2,150,203,8:15,4:54,684,643,1.3,0,0,0,0,0,--,--,--,--,--,0:00,0,0:00,No,00:02.7,13,0,--,--,--,--,--,--,--,1:38:26,1:45:26,581,781
Running,4/2/2021 17:46,FALSE,Athens Running,5.01,628,0:43:19,155,185,3.3,149,167,8:39,5:46,249,233,1.25,0,0,0,0,0,--,--,--,--,--,0:00,0,0:00,No,00:02.8,6,0,--,--,--,--,--,--,--,0:43:18,0:43:19,633,741
Running,4/2/2021 6:22,FALSE,Athens Running,3.06,427,0:32:34,144,170,2.5,147,156,10:39,8:38,124,90,1.03,0,0,0,0,0,--,--,--,--,--,0:00,0,0:00,No,00:36.1,4,0,--,--,--,--,--,--,--,0:32:34,0:32:34,634,741
Running,4/1/2021 6:29,FALSE,Athens Running,8,"1,006",1:04:27,163,176,4.1,151,186,8:03,4:36,455,367,1.32,0,0,0,0,0,--,--,--,--,--,0:00,0,0:00,No,00:02.0,9,0,--,--,--,--,--,--,--,1:04:19,1:04:36,633,741
Running,3/31/2021 6:03,FALSE,Athens Running,6.22,836,0:55:02,159,173,3.7,146,164,8:51,7:32,396,351,1.25,0,0,0,0,0,--,--,--,--,--,0:00,0,0:00,No,02:01.5,7,0,--,--,--,--,--,--,--,0:54:57,0:55:24,632,741
Running,3/30/2021 6:23,FALSE,Athens Running,8.01,969,1:04:16,159,175,3.8,150,168,8:02,6:48,455,371,1.34,0,0,0,0,0,--,--,--,--,--,0:00,0,0:00,No,00:03.4,9,0,--,--,--,--,--,--,--,1:04:07,1:05:29,632,741
Running,3/29/2021 5:32,FALSE,Athens Running,2.78,335,0:28:37,136,168,2.2,143,239,10:17,7:49,206,206,1.09,0,0,0,0,0,--,--,--,--,--,0:00,0,0:00,No,08:04.5,3,0,--,--,--,--,--,--,--,0:28:30,0:41:05,629,781
Running,3/28/2021 7:03,FALSE,Athens Running,12.36,"1,533",1:39:37,163,176,4.8,152,180,8:03,5:14,709,663,1.32,0,0,0,0,0,--,--,--,--,--,0:00,0,0:00,No,03:03.9,13,0,--,--,--,--,--,--,--,1:39:12,1:41:24,581,781
Running,3/27/2021 9:39,FALSE,Athens Running,3,412,0:32:13,143,164,2.3,143,167,10:44,6:38,171,190,1.05,0,0,0,0,0,--,--,--,--,--,0:00,0,0:00,No,00:02.0,4,0,--,--,--,--,--,--,--,0:32:11,0:33:28,606,688
Running,3/26/2021 17:45,FALSE,Athens Running,5.01,624,0:39:26,163,175,3.6,151,167,7:53,6:34,294,238,1.35,0,0,0,0,0,--,--,--,--,--,0:00,0,0:00,No,00:02.3,6,0,--,--,--,--,--,--,--,0:39:20,0:39:38,634,741
Running,3/25/2021 6:27,FALSE,Athens Running,5.01,617,0:36:53,169,182,3.9,154,166,7:22,6:24,294,251,1.42,0,0,0,0,0,--,--,--,--,--,0:00,0,0:00,No,00:02.6,6,0,--,--,--,--,--,--,--,0:36:48,0:37:03,634,741
Running,3/24/2021 6:38,FALSE,Athens Running,3.44,431,0:27:10,162,178,3.3,151,162,7:54,6:32,136,94,1.35,0,0,0,0,0,--,--,--,--,--,0:00,0,0:00,No,03:27.8,4,0,--,--,--,--,--,--,--,0:27:10,0:27:10,633,741
Running,3/23/2021 6:22,FALSE,Athens Running,6.23,818,0:51:53,161,180,3.8,151,161,8:20,6:53,395,357,1.28,0,0,0,0,0,--,--,--,--,--,0:00,0,0:00,No,01:53.4,7,0,--,--,--,--,--,--,--,0:51:46,0:52:01,632,741
Running,3/22/2021 6:55,FALSE,Athens Running,3.4,422,0:27:59,153,170,3.1,153,164,8:15,7:18,153,92,1.28,0,0,0,0,0,--,--,--,--,--,0:00,0,0:00,No,03:28.2,4,0,--,--,--,--,--,--,--,0:27:54,0:28:36,633,741
Running,3/21/2021 7:56,FALSE,Athens Running,3.43,457,0:31:37,149,177,3,150,210,9:12,6:49,114,58,1.17,0,0,0,0,0,--,--,--,--,--,0:00,0,0:00,No,04:00.3,4,0,--,--,--,--,--,--,--,0:31:36,0:31:42,632,741
Running,3/20/2021 7:58,FALSE,Athens Running,3.01,375,0:32:54,134,155,2,145,154,10:57,9:24,128,38,1.01,0,0,0,0,0,--,--,--,--,--,0:00,0,0:00,No,00:03.1,4,0,--,--,--,--,--,--,--,0:32:53,0:32:54,632,741
Running,3/15/2021 17:46,FALSE,Athens Running,3,404,0:30:47,143,153,2.3,145,155,10:15,8:33,111,96,1.08,0,0,0,0,0,--,--,--,--,--,0:00,0,0:00,No,00:02.0,4,0,--,--,--,--,--,--,--,0:30:46,0:30:47,634,741
Running,3/13/2021 7:01,FALSE,Athens Running,13.1,"1,536",1:43:14,160,177,4.3,152,184,7:53,5:31,759,753,1.35,0,0,0,0,0,--,--,--,--,--,0:00,0,0:00,No,00:44.5,14,0,--,--,--,--,--,--,--,1:42:28,1:47:41,581,781
Running,3/12/2021 17:05,FALSE,Athens Running,3,383,0:28:14,144,158,2.4,145,155,9:24,8:35,112,125,1.18,0,0,0,0,0,--,--,--,--,--,0:00,0,0:00,No,00:01.8,4,0,--,--,--,--,--,--,--,0:28:13,0:28:14,634,741
Running,3/12/2021 6:37,FALSE,Athens Running,7.01,888,0:55:57,162,176,3.9,150,184,7:59,6:23,452,356,1.34,0,0,0,0,0,--,--,--,--,--,0:00,0,0:00,No,00:01.8,8,0,--,--,--,--,--,--,--,0:55:45,0:56:42,630,741
Running,3/11/2021 6:29,FALSE,Athens Running,8,952,1:01:50,162,177,3.9,155,167,7:44,6:48,503,419,1.34,0,0,0,0,0,--,--,--,--,--,0:00,0,0:00,No,00:01.8,9,0,--,--,--,--,--,--,--,1:01:37,1:02:17,633,741
Running,3/10/2021 17:06,FALSE,Athens Running,3.01,411,0:28:57,146,160,2.7,146,173,9:38,7:13,116,98,1.15,0,0,0,0,0,--,--,--,--,--,0:00,0,0:00,No,00:02.5,4,0,--,--,--,--,--,--,--,0:28:55,0:29:01,633,741
Running,3/10/2021 6:33,FALSE,Athens Running,3,433,0:31:15,148,160,2.6,145,159,10:24,7:47,117,103,1.07,0,0,0,0,0,--,--,--,--,--,0:00,0,0:00,No,00:02.4,4,0,--,--,--,--,--,--,--,0:31:14,0:31:15,631,741
Running,3/9/2021 6:32,FALSE,Athens Running,8.01,999,1:03:27,161,188,3.9,153,190,7:56,6:22,485,388,1.33,0,0,0,0,0,--,--,--,--,--,0:00,0,0:00,No,00:02.6,9,0,--,--,--,--,--,--,--,1:03:11,1:04:29,632,741
Running,3/7/2021 8:10,FALSE,Athens Running,14.01,"1,603",1:57:36,156,178,3.9,147,188,8:24,5:06,788,759,1.3,0,0,0,0,0,--,--,--,--,--,0:00,0,0:00,No,00:02.1,15,0,--,--,--,--,--,--,--,1:56:56,2:04:17,581,781
Running,3/6/2021 9:48,FALSE,Athens Running,4.01,558,0:40:10,147,162,2.8,141,157,10:01,8:03,255,166,1.13,0,0,0,0,0,--,--,--,--,--,0:00,0,0:00,No,00:04.9,5,0,--,--,--,--,--,--,--,0:40:10,0:40:16,634,741
Running,3/5/2021 16:44,FALSE,Athens Running,5.01,609,0:35:27,172,183,3.9,155,178,7:05,5:41,254,201,1.47,0,0,0,0,0,--,--,--,--,--,0:00,0,0:00,No,00:03.0,6,0,--,--,--,--,--,--,--,0:35:25,0:35:27,631,741
Running,3/4/2021 6:10,FALSE,Athens Running,8.01,"1,010",1:04:24,160,179,3.9,148,169,8:02,6:28,463,374,1.35,0,0,0,0,0,--,--,--,--,--,0:00,0,0:00,No,00:05.3,9,0,--,--,--,--,--,--,--,1:04:16,1:04:54,635,741
Running,3/3/2021 6:46,FALSE,Athens Running,3,388,0:30:32,140,157,2.2,147,156,10:10,8:19,117,100,1.08,0,0,0,0,0,--,--,--,--,--,0:00,0,0:00,No,00:02.1,4,0,--,--,--,--,--,--,--,0:30:31,0:30:32,634,741
Running,3/2/2021 6:39,FALSE,Athens Running,8.01,"1,021",1:04:55,161,177,3.9,151,173,8:06,6:40,460,365,1.31,0,0,0,0,0,--,--,--,--,--,0:00,0,0:00,No,00:03.4,9,0,--,--,--,--,--,--,--,1:04:32,1:07:16,633,741
Running,2/28/2021 8:07,FALSE,Athens Running,12,"1,474",1:35:54,162,176,4.3,150,171,7:59,4:59,701,655,1.34,0,0,0,0,0,--,--,--,--,--,0:00,0,0:00,No,00:01.5,13,0,--,--,--,--,--,--,--,1:35:10,1:40:47,581,781
Running,2/27/2021 10:23,FALSE,Athens Running,3.86,527,0:36:30,150,161,2.9,145,196,9:28,7:53,110,101,1.17,0,0,0,0,0,--,--,--,--,--,0:00,0,0:00,No,08:18.3,4,0,--,--,--,--,--,--,--,0:36:25,0:37:15,581,676
Running,2/26/2021 17:02,FALSE,Athens Running,5.01,603,0:37:46,162,180,3.5,152,172,7:32,6:09,332,272,1.4,0,0,0,0,0,--,--,--,--,--,0:00,0,0:00,No,00:02.4,6,0,--,--,--,--,--,--,--,0:37:42,0:37:49,634,741
Running,2/25/2021 6:25,FALSE,Athens Running,8.01,996,1:02:28,163,179,4.1,151,190,7:48,4:11,469,402,1.36,0,0,0,0,0,--,--,--,--,--,0:00,0,0:00,No,00:02.5,9,0,--,--,--,--,--,--,--,1:02:13,1:03:09,630,741
Running,2/24/2021 17:41,FALSE,Athens Running,3,391,0:27:20,148,164,2.6,145,162,9:06,6:29,116,28,1.22,0,0,0,0,0,--,--,--,--,--,0:00,0,0:00,No,00:01.7,4,0,--,--,--,--,--,--,--,0:27:19,0:27:55,634,741
Running,2/23/2021 6:40,FALSE,Athens Running,6.22,799,0:48:23,166,182,4,152,167,7:46,6:50,410,398,1.36,0,0,0,0,0,--,--,--,--,--,0:00,0,0:00,No,01:37.7,7,0,--,--,--,--,--,--,--,0:48:15,0:48:40,633,741
Running,2/21/2021 7:31,FALSE,Athens Running,16,"1,924",2:12:15,160,178,4.5,148,184,8:16,5:29,903,916,1.32,0,0,0,0,0,--,--,--,--,--,0:00,0,0:00,No,00:01.8,17,0,--,--,--,--,--,--,--,2:11:44,2:16:25,581,781
Running,2/20/2021 8:28,FALSE,Athens Running,4,567,0:39:59,150,166,3,143,158,9:59,8:49,217,179,1.13,0,0,0,0,0,--,--,--,--,--,0:00,0,0:00,No,00:01.1,5,0,--,--,--,--,--,--,--,0:39:50,0:39:59,634,741
Running,2/19/2021 6:43,FALSE,Athens Running,5.01,632,0:38:30,166,183,3.8,151,160,7:41,5:29,290,230,1.39,0,0,0,0,0,--,--,--,--,--,0:00,0,0:00,No,00:01.6,6,0,--,--,--,--,--,--,--,0:38:27,0:38:30,631,741
Running,2/18/2021 7:14,FALSE,Athens Running,8.01,977,1:00:11,166,179,4.3,151,184,7:31,4:47,492,414,1.42,0,0,0,0,0,--,--,--,--,--,0:00,0,0:00,No,00:02.5,9,0,--,--,--,--,--,--,--,1:00:05,1:01:06,630,741
Running,2/17/2021 6:45,FALSE,Athens Running,3,409,0:30:47,145,166,2.4,142,152,10:15,8:16,118,105,1.11,0,0,0,0,0,--,--,--,--,--,0:00,0,0:00,No,00:02.4,4,0,--,--,--,--,--,--,--,0:30:46,0:30:47,634,741
Running,2/16/2021 6:51,FALSE,Running,8.23,"1,063",1:04:44,167,179,4.4,147,173,7:52,5:07,--,--,1.39,0,0,0,0,0,--,--,--,--,--,0:00,0,0:00,No,01:37.9,9,0,--,--,--,--,--,--,--,1:04:41,1:05:01,--,--
Running,2/14/2021 7:24,FALSE,Running,14.01,"1,751",1:54:37,163,176,4.7,147,160,8:11,6:15,--,--,1.34,0,0,0,0,0,--,--,--,--,--,0:00,0,0:00,No,00:02.0,15,0,--,--,--,--,--,--,--,1:54:34,1:54:37,--,--
Running,2/13/2021 8:50,FALSE,Athens Running,3.1,458,0:30:02,156,169,3.1,142,158,9:41,7:22,110,90,1.17,0,0,0,0,0,--,--,--,--,--,0:00,0,0:00,No,00:58.9,4,0,--,--,--,--,--,--,--,0:30:01,0:30:02,694,741
Running,2/12/2021 6:44,FALSE,Athens Running,5.01,585,0:35:51,167,184,3.9,153,170,7:10,5:43,336,308,1.47,0,0,0,0,0,--,--,--,--,--,0:00,0,0:00,No,00:01.8,6,0,--,--,--,--,--,--,--,0:35:49,0:35:57,630,741
Running,2/11/2021 6:37,FALSE,Athens Running,7.01,898,0:55:03,167,180,4.3,146,186,7:51,5:37,456,376,1.4,0,0,0,0,0,--,--,--,--,--,0:00,0,0:00,No,00:02.1,8,0,--,--,--,--,--,--,--,0:54:47,0:56:11,633,741
Running,2/10/2021 6:36,FALSE,Athens Running,3.13,420,0:32:51,144,169,2.4,141,164,10:30,8:04,102,96,1.09,0,0,0,0,0,--,--,--,--,--,0:00,0,0:00,No,01:10.0,4,0,--,--,--,--,--,--,--,0:32:50,0:32:57,691,741
Running,2/9/2021 6:25,FALSE,Athens Running,8.15,"1,064",1:06:41,165,180,4.3,147,245,8:11,6:20,"1,061",897,1.34,0,0,0,0,0,--,--,--,--,--,0:00,0,0:00,No,01:11.4,9,0,--,--,--,--,--,--,--,1:06:19,1:07:02,628,804
Running,2/7/2021 8:24,FALSE,Athens Running,12.01,"1,462",1:38:10,162,179,4.5,147,173,8:11,6:00,653,613,1.34,0,0,0,0,0,--,--,--,--,--,0:00,0,0:00,No,00:02.5,13,0,--,--,--,--,--,--,--,1:37:47,1:44:25,581,781
Running,2/6/2021 8:45,FALSE,Athens Running,3.02,410,0:29:04,150,165,2.8,143,152,9:38,8:29,125,110,1.17,0,0,0,0,0,--,--,--,--,--,0:00,0,0:00,No,00:08.8,4,0,--,--,--,--,--,--,--,0:29:01,0:29:19,632,741
Running,2/5/2021 16:54,FALSE,Athens Running,5.02,614,0:36:06,174,184,4,152,169,7:12,5:53,317,222,1.47,0,0,0,0,0,--,--,--,--,--,0:00,0,0:00,No,00:06.7,6,0,--,--,--,--,--,--,--,0:36:05,0:36:06,628,741
Running,2/4/2021 6:34,FALSE,Athens Running,8.1,"1,008",1:06:11,161,180,4,147,164,8:10,7:13,527,425,1.34,0,0,0,0,0,--,--,--,--,--,0:00,0,0:00,No,00:46.7,9,0,--,--,--,--,--,--,--,1:06:08,1:06:14,635,741
Running,2/3/2021 6:38,FALSE,Athens Running,3.01,424,0:30:45,148,169,2.6,142,155,10:14,7:54,133,110,1.11,0,0,0,0,0,--,--,--,--,--,0:00,0,0:00,No,00:02.4,4,0,--,--,--,--,--,--,--,0:30:45,0:30:45,632,741
Running,2/2/2021 6:46,FALSE,Running,7.25,933,0:59:57,160,180,3.9,145,158,8:16,7:21,--,--,1.34,0,0,0,0,0,--,--,--,--,--,0:00,0,0:00,No,02:00.8,8,0,--,--,--,--,--,--,--,0:59:47,1:00:57,--,--
Running,1/31/2021 12:06,FALSE,Athens Running,10,"1,239",1:22:52,162,174,4.2,146,164,8:17,7:02,558,582,1.33,0,0,0,0,0,--,--,--,--,--,0:00,0,0:00,No,00:02.3,11,0,--,--,--,--,--,--,--,1:22:43,1:23:30,633,741
Running,1/29/2021 16:39,FALSE,Athens Running,3.48,423,0:26:51,162,173,3.2,147,164,7:44,6:20,148,89,1.41,0,0,0,0,0,--,--,--,--,--,0:00,0,0:00,No,03:42.7,4,0,--,--,--,--,--,--,--,0:26:34,0:27:05,632,741
Running,1/28/2021 17:37,FALSE,Athens Running,5.52,665,0:42:12,163,180,3.6,147,221,7:39,4:47,300,304,1.43,0,0,0,0,0,--,--,--,--,--,0:00,0,0:00,No,04:01.9,6,0,--,--,--,--,--,--,--,0:41:44,0:49:04,629,781
Running,1/27/2021 17:48,FALSE,Athens Running,3.01,398,0:31:20,143,155,2.3,142,155,10:24,8:47,154,45,1.09,0,0,0,0,0,--,--,--,--,--,0:00,0,0:00,No,00:08.8,4,0,--,--,--,--,--,--,--,0:31:19,0:31:20,631,741
Running,1/26/2021 16:28,FALSE,Athens Running,7.01,868,0:54:21,165,181,4.1,147,218,7:45,5:37,397,340,1.41,0,0,0,0,0,--,--,--,--,--,0:00,0,0:00,No,00:03.4,8,0,--,--,--,--,--,--,--,0:54:17,0:55:14,631,750
Running,1/24/2021 8:47,FALSE,Athens Running,12.01,"1,528",1:40:08,162,176,4.5,146,167,8:20,5:22,645,602,1.32,0,0,0,0,0,--,--,--,--,--,0:00,0,0:00,No,00:02.7,13,0,--,--,--,--,--,--,--,1:39:42,1:43:02,581,781
Running,1/23/2021 8:25,FALSE,Athens Running,3.02,432,0:30:05,150,166,2.8,143,152,9:59,8:27,149,96,1.13,0,0,0,0,0,--,--,--,--,--,0:00,0,0:00,No,00:08.6,4,0,--,--,--,--,--,--,--,0:30:05,0:30:05,654,762
Running,1/22/2021 7:18,FALSE,Athens Running,5,631,0:38:09,169,182,3.9,148,160,7:37,6:39,272,218,1.42,0,0,0,0,0,--,--,--,--,--,0:00,0,0:00,No,00:02.2,6,0,--,--,--,--,--,--,--,0:38:07,0:38:09,634,741
Running,1/21/2021 6:52,FALSE,Athens Running,8,"1,014",1:04:32,162,179,4.2,148,184,8:04,6:25,357,299,1.35,0,0,0,0,0,--,--,--,--,--,0:00,0,0:00,No,00:01.4,9,0,--,--,--,--,--,--,--,1:04:29,1:05:00,631,757
Running,1/20/2021 6:23,FALSE,Athens Running,3.06,396,0:29:53,144,156,2.5,142,152,9:45,8:21,102,52,1.16,0,0,0,0,0,--,--,--,--,--,0:00,0,0:00,No,00:38.2,4,0,--,--,--,--,--,--,--,0:29:51,0:29:53,660,756
Running,1/19/2021 6:32,FALSE,Athens Running,7,795,0:57:02,151,179,3.4,148,170,8:09,6:40,458,363,1.33,0,0,0,0,0,--,--,--,--,--,0:00,0,0:00,No,00:01.8,8,0,--,--,--,--,--,--,--,0:56:46,0:57:49,637,741
Hiking,1/18/2021 10:15,FALSE,Hall County Walking,5.49,692,2:09:49,93,120,1,80,219,23:38,11:38,683,694,0.84,0,0,0,0,0,--,--,--,--,--,0:00,0,0:00,No,11:11.0,6,0,--,--,--,--,--,--,--,1:54:54,2:18:27,"1,074","1,225"
Running,1/17/2021 7:59,FALSE,Athens Running,12.01,"1,395",1:38:54,157,177,4.1,145,187,8:14,5:47,652,608,1.35,0,0,0,0,0,--,--,--,--,--,0:00,0,0:00,No,00:02.2,13,0,--,--,--,--,--,--,--,1:38:22,1:42:00,581,781
Running,1/16/2021 7:37,FALSE,Athens Running,3.25,461,0:32:47,149,161,2.8,142,160,10:05,7:45,153,57,1.13,0,0,0,0,0,--,--,--,--,--,0:00,0,0:00,No,02:32.7,4,0,--,--,--,--,--,--,--,0:32:46,0:32:47,637,741
Running,1/15/2021 6:53,FALSE,Athens Running,3.11,332,0:20:19,167,182,3.2,162,172,6:31,5:44,127,71,1.52,0,0,0,0,0,--,--,--,--,--,0:00,0,0:00,No,00:39.1,4,0,--,--,--,--,--,--,--,0:20:17,0:20:25,636,741
Running,1/14/2021 6:31,FALSE,Athens Running,7.01,844,0:55:54,161,174,3.8,147,163,7:59,7:01,438,357,1.37,0,0,0,0,0,--,--,--,--,--,0:00,0,0:00,No,00:02.0,8,0,--,--,--,--,--,--,--,0:55:45,0:56:25,630,754
Running,1/13/2021 5:53,FALSE,Athens Running,3.23,431,0:31:58,145,165,2.6,144,155,9:53,8:09,130,87,1.13,0,0,0,0,0,--,--,--,--,--,0:00,0,0:00,No,02:05.9,4,0,--,--,--,--,--,--,--,0:31:57,0:31:58,640,741
Running,1/12/2021 6:29,FALSE,Athens Running,7,898,0:56:59,162,179,4,149,162,8:08,7:08,354,295,1.33,0,0,0,0,0,--,--,--,--,--,0:00,0,0:00,No,00:01.2,8,0,--,--,--,--,--,--,--,0:56:54,0:57:25,630,754
Running,1/10/2021 10:03,FALSE,Barrow County Running,10.74,"1,425",1:33:30,161,176,4.4,151,166,8:42,6:53,639,606,1.23,0,0,0,0,0,--,--,--,--,--,0:00,0,0:00,No,05:54.9,11,0,--,--,--,--,--,--,--,1:33:26,1:36:56,832,957
Running,1/9/2021 8:48,FALSE,Athens Running,3.01,387,0:29:06,144,165,2.4,144,155,9:41,8:17,126,57,1.16,0,0,0,0,0,--,--,--,--,--,0:00,0,0:00,No,00:02.5,4,0,--,--,--,--,--,--,--,0:29:06,0:29:06,632,741
Running,1/8/2021 17:09,FALSE,Athens Running,3.53,443,0:28:29,158,175,3.2,149,165,8:04,7:05,120,87,1.34,0,0,0,0,0,--,--,--,--,--,0:00,0,0:00,No,04:21.2,4,0,--,--,--,--,--,--,--,0:28:27,0:28:29,635,741
Running,1/7/2021 6:33,FALSE,Athens Running,4.01,491,0:30:14,163,185,3.5,153,165,7:33,5:56,240,202,1.4,0,0,0,0,0,--,--,--,--,--,0:00,0,0:00,No,00:01.4,5,0,--,--,--,--,--,--,--,0:30:13,0:30:14,634,741
Running,1/6/2021 6:22,FALSE,Athens Running,4.01,497,0:33:00,154,171,3.1,148,165,8:14,7:25,225,136,1.32,0,0,0,0,0,--,--,--,--,--,0:00,0,0:00,No,00:01.8,5,0,--,--,--,--,--,--,--,0:32:58,0:33:00,637,741
Running,1/5/2021 6:46,FALSE,Athens Running,7.01,935,1:07:29,151,172,3.3,144,165,9:38,7:12,424,357,1.16,0,0,0,0,0,--,--,--,--,--,0:00,0,0:00,No,00:02.4,8,0,--,--,--,--,--,--,--,1:07:24,1:07:41,630,752
Running,1/4/2021 6:12,FALSE,Athens Running,4.01,502,0:31:25,161,187,3.4,150,160,7:50,6:34,204,113,1.37,0,0,0,0,0,--,--,--,--,--,0:00,0,0:00,No,00:01.9,5,0,--,--,--,--,--,--,--,0:31:24,0:31:25,636,741
Hiking,1/3/2021 9:54,FALSE,Barrow County Hiking,7.28,889,2:46:52,89,125,1,80,203,22:56,9:18,513,527,0.88,0,0,0,0,0,--,--,--,--,--,0:00,0,0:00,No,06:07.0,8,0,--,--,--,--,--,--,--,2:21:47,2:46:52,819,945
Running,1/2/2021 7:58,FALSE,Athens Running,10,"1,269",1:20:49,162,181,4.3,148,167,8:05,6:13,490,509,1.35,0,0,0,0,0,--,--,--,--,--,0:00,0,0:00,No,00:01.0,11,0,--,--,--,--,--,--,--,1:20:42,1:20:51,631,741
Running,12/31/2020 7:14,FALSE,Athens Running,7.01,876,0:52:50,168,178,4.3,151,173,7:32,5:59,445,348,1.42,0,0,0,0,0,--,--,--,--,--,0:00,0,0:00,No,00:01.6,8,0,--,--,--,--,--,--,--,0:52:44,0:53:13,635,741
Cycling,12/30/2020 10:33,FALSE,Athens Cycling,4.09,131,0:19:39,104,122,0.4,--,--,12.5,18.6,33,35,0,0,0,0,0,0,--,--,--,--,--,0:00,0,0:00,No,19:38.6,1,0,--,--,--,--,--,--,--,0:19:26,0:19:39,600,637
Running,12/30/2020 9:53,FALSE,Athens Running,3.01,366,0:23:34,156,178,3.1,150,162,7:50,7:07,18,29,1.37,0,0,0,0,0,--,--,--,--,--,0:00,0,0:00,No,00:04.0,4,0,--,--,--,--,--,--,--,0:23:34,0:23:34,600,628
Running,12/29/2020 9:13,FALSE,Athens Running,4.36,529,0:32:15,165,180,3.6,151,169,7:24,6:11,230,184,1.44,0,0,0,0,0,--,--,--,--,--,0:00,0,0:00,No,02:42.0,5,0,--,--,--,--,--,--,--,0:32:14,0:32:47,658,760
Running,12/28/2020 9:25,FALSE,Athens Running,4.01,512,0:29:14,175,188,4,148,188,7:18,6:23,236,118,1.49,0,0,0,0,0,--,--,--,--,--,0:00,0,0:00,No,00:02.5,5,0,--,--,--,--,--,--,--,0:29:14,0:29:14,617,741
Running,12/23/2020 6:45,FALSE,Athens Running,6.01,707,0:43:23,165,178,3.9,154,167,7:13,5:57,469,454,1.44,0,0,0,0,0,--,--,--,--,--,0:00,0,0:00,No,00:01.8,7,0,--,--,--,--,--,--,--,0:43:14,0:44:02,629,781
Running,12/22/2020 7:16,FALSE,Athens Running,4,523,0:32:18,163,174,3.4,148,164,8:04,6:43,210,109,1.35,0,0,0,0,0,--,--,--,--,--,0:00,0,0:00,No,00:01.5,5,0,--,--,--,--,--,--,--,0:32:16,0:32:18,635,741
Running,12/20/2020 7:57,FALSE,Athens Running,14.01,"1,672",1:56:57,157,177,4.2,146,173,8:21,6:19,742,758,1.32,0,0,0,0,0,--,--,--,--,--,0:00,0,0:00,No,00:01.6,15,0,--,--,--,--,--,--,--,1:56:12,2:03:20,581,781
Running,12/18/2020 7:15,FALSE,Athens Running,5,607,0:37:38,162,179,3.6,152,164,7:31,5:46,247,213,1.41,0,0,0,0,0,--,--,--,--,--,0:00,0,0:00,No,07:02.9,5,0,--,--,--,--,--,--,--,0:37:35,0:37:38,657,760
Running,12/17/2020 6:30,FALSE,Athens Running,6.23,767,0:44:46,172,183,4.3,151,162,7:11,6:17,383,367,1.48,0,0,0,0,0,--,--,--,--,--,0:00,0,0:00,No,01:28.8,7,0,--,--,--,--,--,--,--,0:44:35,0:45:08,636,741
Running,12/16/2020 6:44,FALSE,Athens Running,3.6,459,0:29:28,156,168,3.1,147,157,8:11,7:19,114,102,1.34,0,0,0,0,0,--,--,--,--,--,0:00,0,0:00,No,04:55.7,4,0,--,--,--,--,--,--,--,0:29:26,0:29:28,635,741
Running,12/15/2020 6:22,FALSE,Athens Running,7.34,893,0:54:51,165,180,4,152,182,7:28,5:24,415,409,1.42,0,0,0,0,0,--,--,--,--,--,0:00,0,0:00,No,02:17.6,8,0,--,--,--,--,--,--,--,0:54:48,0:55:28,630,781
Running,12/13/2020 7:24,FALSE,Athens Running,12.01,"1,389",1:47:52,153,173,3.8,141,189,8:59,6:43,671,645,1.27,0,0,0,0,0,--,--,--,--,--,0:00,0,0:00,No,00:02.3,13,0,--,--,--,--,--,--,--,1:47:32,1:55:37,581,781
Running,12/11/2020 6:59,FALSE,Athens Running,3.51,502,0:33:47,152,164,3,142,152,9:38,7:19,135,108,1.17,0,0,0,0,0,--,--,--,--,--,0:00,0,0:00,No,04:45.6,4,0,--,--,--,--,--,--,--,0:33:46,0:33:47,658,761
Breathwork,12/10/2020 8:49,FALSE,Relax and Focus,0,--,0:06:38,93,102,0.1,--,--,--,--,--,--,0,0,0,0,0,0,--,--,--,--,--,0:00,0,0:00,No,00:03.0,118,0,5,4,5,14,75,89,88,0:00:00,0:06:34,--,--
Running,12/10/2020 6:34,FALSE,Athens Running,6.58,838,0:46:45,176,184,4.7,153,171,7:06,6:19,343,281,1.48,0,0,0,0,0,--,--,--,--,--,0:00,0,0:00,No,03:55.6,7,0,--,--,--,--,--,--,--,0:46:27,0:47:55,630,755
Running,12/9/2020 6:22,FALSE,Athens Running,6.2,837,0:54:03,155,174,3.5,145,158,8:43,7:23,402,361,1.28,0,0,0,0,0,--,--,--,--,--,0:00,0,0:00,No,01:37.9,7,0,--,--,--,--,--,--,--,0:53:58,0:54:22,633,741
Running,12/8/2020 6:34,FALSE,Athens Running,5.63,622,0:42:18,155,181,3.2,154,188,7:31,5:00,113,114,1.37,0,0,0,0,0,--,--,--,--,--,0:00,0,0:00,No,00:08.4,15,0,--,--,--,--,--,--,--,0:42:14,0:50:28,719,736
Running,12/6/2020 7:52,FALSE,Athens Running,12.01,"1,483",1:42:15,159,183,4.3,146,196,8:31,5:06,674,711,1.29,0,0,0,0,0,--,--,--,--,--,0:00,0,0:00,No,00:01.6,13,0,--,--,--,--,--,--,--,1:42:12,1:42:33,581,781
Running,12/3/2020 6:59,FALSE,Athens Running,6.22,737,0:43:19,168,182,4,156,169,6:58,5:24,415,395,1.48,0,0,0,0,0,--,--,--,--,--,0:00,0,0:00,No,01:20.0,7,0,--,--,--,--,--,--,--,0:43:17,0:43:31,635,741
Running,12/2/2020 6:32,FALSE,Athens Running,3.46,419,0:30:05,143,169,2.7,146,160,8:42,7:00,121,95,1.27,0,0,0,0,0,--,--,--,--,--,0:00,0,0:00,No,03:29.4,4,0,--,--,--,--,--,--,--,0:30:05,0:30:05,634,741
Running,12/1/2020 6:23,FALSE,Athens Running,6.46,721,0:48:32,157,180,3.4,153,186,7:31,5:05,262,227,1.39,0,0,0,0,0,--,--,--,--,--,0:00,0,0:00,No,00:57.7,12,0,--,--,--,--,--,--,--,0:48:27,0:56:56,632,781
Running,11/29/2020 7:18,FALSE,Athens Running,11,"1,349",1:33:52,155,172,3.9,145,167,8:32,5:16,708,667,1.3,0,0,0,0,0,--,--,--,--,--,0:00,0,0:00,No,00:01.6,12,0,--,--,--,--,--,--,--,1:33:46,1:35:36,581,781
Running,11/28/2020 9:05,FALSE,Athens Running,3.23,391,0:23:12,168,178,3.3,153,166,7:11,6:11,119,23,1.47,0,0,0,0,0,--,--,--,--,--,0:00,0,0:00,No,01:46.1,4,0,--,--,--,--,--,--,--,0:23:11,0:23:14,635,741
Running,11/27/2020 7:37,FALSE,Athens Running,6.5,816,0:48:35,168,181,4.3,152,178,7:28,6:14,473,383,1.42,0,0,0,0,0,--,--,--,--,--,0:00,0,0:00,No,03:38.8,7,0,--,--,--,--,--,--,--,0:48:30,0:48:46,634,741
Running,11/25/2020 7:27,FALSE,Athens Running,3.54,456,0:29:56,153,165,3,149,160,8:28,7:37,146,130,1.27,0,0,0,0,0,--,--,--,--,--,0:00,0,0:00,No,04:32.8,4,0,--,--,--,--,--,--,--,0:29:55,0:29:56,634,741
Running,11/24/2020 7:27,FALSE,Athens Running,0.7,79,05:59.5,137,151,1,146,158,8:33,6:45,--,89,1.29,0,0,0,0,0,--,--,--,--,--,0:00,0,0:00,No,05:59.5,1,0,--,--,--,--,--,--,--,0:05:59,06:12.4,632,731
Running,11/24/2020 6:53,FALSE,Athens Running,3.83,401,0:27:01,157,187,3,155,194,7:03,4:15,68,72,1.44,0,0,0,0,0,--,--,--,--,--,0:00,0,0:00,No,00:07.8,21,0,--,--,--,--,--,--,--,0:26:52,0:31:20,719,736
Running,11/24/2020 6:30,FALSE,Athens Running,2.46,309,0:19:42,157,170,2.8,149,164,8:01,7:06,181,102,1.35,0,0,0,0,0,--,--,--,--,--,0:00,0,0:00,No,03:31.1,3,0,--,--,--,--,--,--,--,0:19:41,0:19:42,662,781
Running,11/22/2020 9:22,FALSE,Athens Running,13.04,"1,863",1:56:03,167,179,5,148,171,8:54,6:58,857,846,1.22,0,0,0,0,0,--,--,--,--,--,0:00,0,0:00,No,00:19.7,14,0,--,--,--,--,--,--,--,1:55:59,2:01:32,650,725
Running,11/20/2020 16:41,FALSE,Athens Running,4,516,0:31:58,161,174,3.4,146,164,7:59,7:07,271,170,1.38,0,0,0,0,0,--,--,--,--,--,0:00,0,0:00,No,00:01.4,5,0,--,--,--,--,--,--,--,0:31:57,0:32:07,632,741
Running,11/19/2020 17:39,FALSE,Athens Running,5.01,571,0:33:35,171,182,3.8,157,176,6:42,5:34,282,240,1.53,0,0,0,0,0,--,--,--,--,--,0:00,0,0:00,No,00:02.3,6,0,--,--,--,--,--,--,--,0:33:34,0:33:35,633,741
Running,11/18/2020 17:50,FALSE,Athens Running,4.01,517,0:33:08,157,170,3.3,145,164,8:16,6:22,200,103,1.34,0,0,0,0,0,--,--,--,--,--,0:00,0,0:00,No,00:03.0,5,0,--,--,--,--,--,--,--,0:33:07,0:33:08,635,741
Running,11/17/2020 17:04,FALSE,Athens Running,5.04,560,0:34:02,167,182,3.7,155,176,6:45,5:16,291,195,1.54,0,0,0,0,0,--,--,--,--,--,0:00,0,0:00,No,00:14.1,6,0,--,--,--,--,--,--,--,0:33:59,0:34:02,633,741
Running,11/15/2020 8:33,FALSE,Athens Running,13.44,"1,810",2:03:00,160,173,4.5,152,170,9:09,7:04,885,887,1.16,0,0,0,0,0,--,--,--,--,--,0:00,0,0:00,No,03:56.2,14,0,--,--,--,--,--,--,--,2:02:51,2:12:48,650,721
Running,11/13/2020 17:12,FALSE,Athens Running,5.01,621,0:40:52,157,170,3.4,146,164,8:10,6:39,341,267,1.35,0,0,0,0,0,--,--,--,--,--,0:00,0,0:00,No,00:01.6,6,0,--,--,--,--,--,--,--,0:40:51,0:40:59,636,741
Running,11/12/2020 17:31,FALSE,Athens Running,4.55,547,0:33:47,166,184,3.8,148,192,7:26,4:56,287,286,1.47,0,0,0,0,0,--,--,--,--,--,0:00,0,0:00,No,04:12.1,5,0,--,--,--,--,--,--,--,0:33:23,0:38:51,630,781
Running,11/10/2020 16:11,FALSE,Athens Running,5,598,0:36:07,169,182,3.9,151,173,7:13,6:00,300,259,1.47,0,0,0,0,0,--,--,--,--,--,0:00,0,0:00,No,00:01.3,6,0,--,--,--,--,--,--,--,0:36:06,0:36:12,632,741
Strength Training,11/10/2020 13:45,FALSE,Strength,0,88,0:10:11,120,132,0.6,--,--,--,--,--,--,0,0,0,0,0,0,--,--,--,81,13,0:00,0,0:00,No,10:10.6,1,0,--,--,--,--,--,--,--,07:00.5,0:11:42,--,--
Running,11/9/2020 17:33,FALSE,Athens Running,4,514,0:33:01,158,173,3.3,144,162,8:15,6:06,296,166,1.36,0,0,0,0,0,--,--,--,--,--,0:00,0,0:00,No,00:00.9,5,0,--,--,--,--,--,--,--,0:32:59,0:33:01,556,741
Running,11/8/2020 6:58,FALSE,Athens Running,12.01,"1,446",1:36:12,162,187,4.6,147,196,8:01,6:00,678,635,1.37,0,0,0,0,0,--,--,--,--,--,0:00,0,0:00,No,00:02.4,13,0,--,--,--,--,--,--,--,1:35:54,1:37:53,581,781
Running,11/6/2020 16:56,FALSE,Athens Running,3.13,348,0:20:08,174,185,3.3,158,176,6:26,5:32,125,18,1.58,0,0,0,0,0,--,--,--,--,--,0:00,0,0:00,No,00:42.7,4,0,--,--,--,--,--,--,--,0:20:06,0:20:13,633,741
Running,11/5/2020 17:05,FALSE,Athens Running,6.51,784,0:51:24,158,180,3.5,145,178,7:54,6:16,468,374,1.41,0,0,0,0,0,--,--,--,--,--,0:00,0,0:00,No,04:01.0,7,0,--,--,--,--,--,--,--,0:51:19,0:52:40,631,741
Running,11/4/2020 17:48,FALSE,Athens Running,3.12,336,0:19:44,173,184,3.3,159,174,6:20,5:28,111,19,1.6,0,0,0,0,0,--,--,--,--,--,0:00,0,0:00,No,00:41.7,4,0,--,--,--,--,--,--,--,0:19:42,0:19:44,637,741
Running,11/3/2020 6:10,FALSE,Athens Running,7.01,871,0:54:12,164,188,4,148,182,7:44,5:40,412,415,1.41,0,0,0,0,0,--,--,--,--,--,0:00,0,0:00,No,00:01.6,8,0,--,--,--,--,--,--,--,0:54:06,0:54:42,631,781
Running,11/1/2020 15:21,FALSE,Athens Running,7.01,856,0:52:20,166,179,4.2,147,172,7:28,5:24,395,327,1.47,0,0,0,0,0,--,--,--,--,--,0:00,0,0:00,No,00:01.5,8,0,--,--,--,--,--,--,--,0:52:14,0:53:04,631,741
Running,10/30/2020 6:31,FALSE,Athens Running,7.01,823,0:55:36,157,174,3.6,149,173,7:56,5:59,565,581,1.36,0,0,0,0,0,--,--,--,--,--,0:00,0,0:00,No,00:02.8,8,0,--,--,--,--,--,--,--,0:55:24,0:57:39,627,847
Running,10/29/2020 12:45,FALSE,Athens Running,3.13,367,0:21:42,172,181,3.4,151,166,6:56,5:45,148,61,1.53,0,0,0,0,0,--,--,--,--,--,0:00,0,0:00,No,00:53.0,4,0,--,--,--,--,--,--,--,0:21:42,0:22:46,637,741
Running,10/27/2020 6:21,FALSE,Athens Running,2.22,293,0:19:09,158,175,3,147,179,8:37,4:51,202,171,1.27,0,0,0,0,0,--,--,--,--,--,0:00,0,0:00,No,01:43.7,3,0,--,--,--,--,--,--,--,0:19:07,0:22:58,632,781
Running,10/27/2020 5:48,FALSE,Athens Running,2.55,248,0:17:35,153,182,2.8,151,196,6:53,4:00,10,17,1.52,0,0,0,0,0,--,--,--,--,--,0:00,0,0:00,No,00:02.7,14,0,--,--,--,--,--,--,--,0:17:30,0:29:10,719,737
Running,10/25/2020 13:29,FALSE,Athens Running,4.66,585,0:35:19,168,180,3.8,147,158,7:34,6:49,271,258,1.44,0,0,0,0,0,--,--,--,--,--,0:00,0,0:00,No,05:03.2,5,0,--,--,--,--,--,--,--,0:35:19,0:35:19,631,741
Running,10/23/2020 6:38,FALSE,Athens Running,3.38,405,0:26:23,156,167,3.1,149,164,7:49,6:56,143,67,1.38,0,0,0,0,0,--,--,--,--,--,0:00,0,0:00,No,03:03.5,4,0,--,--,--,--,--,--,--,0:26:21,0:26:23,631,741
Running,10/22/2020 6:24,FALSE,Athens Running,11.02,"1,389",1:24:38,170,184,5,148,190,7:41,6:10,734,645,1.42,0,0,0,0,0,--,--,--,--,--,0:00,0,0:00,No,00:09.6,12,0,--,--,--,--,--,--,--,1:24:30,1:26:45,581,781
Running,10/20/2020 6:32,FALSE,Athens Running,5.64,647,0:42:22,157,177,3.6,148,176,7:31,5:26,315,340,1.45,0,0,0,0,0,--,--,--,--,--,0:00,0,0:00,No,04:55.7,6,0,--,--,--,--,--,--,--,0:42:16,0:43:11,630,781
Running,10/18/2020 11:21,FALSE,Athens Running,1.12,126,08:23.6,152,166,2.1,148,168,7:28,6:47,20,31,1.45,0,0,0,0,0,--,--,--,--,--,0:00,0,0:00,No,00:53.2,2,0,--,--,--,--,--,--,--,0:08:20,08:54.1,656,699
Running,10/18/2020 9:01,FALSE,Athens Running,7.05,911,1:03:32,153,165,3.5,149,184,9:01,4:27,439,433,1.2,0,0,0,0,0,--,--,--,--,--,0:00,0,0:00,No,00:11.9,8,0,--,--,--,--,--,--,--,1:03:11,1:05:23,650,727
Running,10/15/2020 6:29,FALSE,Athens Running,5.01,613,0:36:15,169,184,3.9,148,176,7:14,4:31,247,154,1.5,0,0,0,0,0,--,--,--,--,--,0:00,0,0:00,No,00:01.2,6,0,--,--,--,--,--,--,--,0:36:14,0:36:15,636,741
Running,10/14/2020 5:33,FALSE,Athens Running,3.4,418,0:31:55,140,157,2.5,145,159,9:22,8:04,224,224,1.19,0,0,0,0,0,--,--,--,--,--,0:00,0,0:00,No,03:27.3,4,0,--,--,--,--,--,--,--,0:31:52,0:32:06,629,781
Running,10/13/2020 6:33,FALSE,Athens Running,5.55,673,0:41:12,165,181,4,147,211,7:25,6:21,333,311,1.47,0,0,0,0,0,--,--,--,--,--,0:00,0,0:00,No,04:22.6,6,0,--,--,--,--,--,--,--,0:41:10,0:41:43,631,781
Running,10/11/2020 7:12,FALSE,Athens Running,10.51,"1,379",1:20:57,174,186,5,146,164,7:42,5:56,705,658,1.43,0,0,0,0,0,--,--,--,--,--,0:00,0,0:00,No,03:57.8,11,0,--,--,--,--,--,--,--,1:20:47,1:28:59,581,781
Running,10/9/2020 6:36,FALSE,Athens Running,4.51,572,0:33:32,169,183,3.8,147,160,7:26,6:31,254,164,1.48,0,0,0,0,0,--,--,--,--,--,0:00,0,0:00,No,03:47.2,5,0,--,--,--,--,--,--,--,0:33:26,0:34:06,635,741
Running,10/8/2020 6:57,FALSE,Athens Running,3.3,382,0:22:53,165,182,3.3,148,160,6:56,6:13,144,50,1.55,0,0,0,0,0,--,--,--,--,--,0:00,0,0:00,No,02:12.3,4,0,--,--,--,--,--,--,--,0:22:52,0:22:53,635,741
Running,10/7/2020 6:24,FALSE,Athens Running,6.23,744,0:44:01,168,183,4.2,148,164,7:04,5:19,404,353,1.53,0,0,0,0,0,--,--,--,--,--,0:00,0,0:00,No,01:19.9,7,0,--,--,--,--,--,--,--,0:43:59,0:44:09,634,741
Running,10/6/2020 7:10,FALSE,Athens Running,3.12,342,0:21:04,159,185,3.1,151,167,6:45,6:05,163,59,1.58,0,0,0,0,0,--,--,--,--,--,0:00,0,0:00,No,00:48.9,4,0,--,--,--,--,--,--,--,0:21:04,0:21:05,634,741
Running,10/5/2020 16:34,FALSE,Athens Running,3.01,350,0:20:01,173,187,3.4,149,164,6:39,5:56,111,43,1.62,0,0,0,0,0,--,--,--,--,--,0:00,0,0:00,No,00:01.0,4,0,--,--,--,--,--,--,--,0:19:59,0:20:24,640,741
Running,9/29/2020 6:36,FALSE,Athens Running,8.26,"1,015",0:59:41,169,181,4.8,147,169,7:14,6:09,521,431,1.52,0,0,0,0,0,--,--,--,--,--,0:00,0,0:00,No,01:46.1,9,0,--,--,--,--,--,--,--,0:59:37,1:00:30,634,741
Running,9/28/2020 7:02,FALSE,Athens Running,3.12,361,0:21:29,166,186,3.3,148,170,6:53,6:02,126,37,1.58,0,0,0,0,0,--,--,--,--,--,0:00,0,0:00,No,00:45.0,4,0,--,--,--,--,--,--,--,0:21:28,0:21:29,632,741
Running,9/24/2020 6:42,FALSE,Athens Running,6.22,767,0:45:46,165,182,4,146,161,7:21,6:06,404,354,1.5,0,0,0,0,0,--,--,--,--,--,0:00,0,0:00,No,01:24.8,7,0,--,--,--,--,--,--,--,0:45:41,0:46:34,635,741
Running,9/23/2020 6:48,FALSE,Athens Running,4.01,488,0:28:15,169,186,3.6,147,160,7:03,6:21,207,125,1.55,0,0,0,0,0,--,--,--,--,--,0:00,0,0:00,No,00:01.4,5,0,--,--,--,--,--,--,--,0:28:14,0:28:15,632,741
Running,9/22/2020 7:07,FALSE,Athens Running,3.16,365,0:20:58,169,191,3.3,151,164,6:39,6:08,112,23,1.6,0,0,0,0,0,--,--,--,--,--,0:00,0,0:00,No,00:57.2,4,0,--,--,--,--,--,--,--,0:20:57,0:20:58,632,741
Running,9/20/2020 6:59,FALSE,Athens Running,11.01,"1,259",1:21:43,160,181,4.2,149,170,7:25,5:14,699,664,1.46,0,0,0,0,0,--,--,--,--,--,0:00,0,0:00,No,00:01.2,12,0,--,--,--,--,--,--,--,1:21:40,1:22:52,581,781
Running,9/18/2020 7:02,FALSE,Athens Running,5,642,0:35:40,175,188,4.2,148,169,7:08,6:02,264,271,1.52,0,0,0,0,0,--,--,--,--,--,0:00,0,0:00,No,00:01.1,6,0,--,--,--,--,--,--,--,0:35:39,0:35:40,633,741
Running,9/16/2020 6:33,FALSE,Athens Running,6.22,827,0:44:52,178,189,4.8,147,162,7:13,5:32,395,347,1.52,0,0,0,0,0,--,--,--,--,--,0:00,0,0:00,No,01:17.3,7,0,--,--,--,--,--,--,--,0:44:50,0:45:00,635,741
Running,9/14/2020 6:59,FALSE,Athens Running,3.12,359,0:20:58,167,189,3.3,150,164,6:43,6:01,119,23,1.6,0,0,0,0,0,--,--,--,--,--,0:00,0,0:00,No,00:47.8,4,0,--,--,--,--,--,--,--,0:20:57,0:20:58,637,741
Running,9/11/2020 6:48,FALSE,Athens Running,3.2,367,0:22:48,160,185,3.1,147,166,7:07,5:12,133,65,1.54,0,0,0,0,0,--,--,--,--,--,0:00,0,0:00,No,01:07.8,4,0,--,--,--,--,--,--,--,0:22:46,0:23:08,632,741
Running,9/10/2020 6:19,FALSE,Athens Running,3.11,361,0:22:12,160,179,3,149,161,7:08,6:33,113,23,1.52,0,0,0,0,0,--,--,--,--,--,0:00,0,0:00,No,00:51.7,4,0,--,--,--,--,--,--,--,0:22:11,0:22:12,633,741
Running,9/9/2020 6:25,FALSE,Athens Running,6.22,795,0:46:24,167,182,4,147,178,7:28,5:03,393,331,1.47,0,0,0,0,0,--,--,--,--,--,0:00,0,0:00,No,01:17.4,7,0,--,--,--,--,--,--,--,0:46:17,0:46:50,634,741
Running,9/8/2020 6:11,FALSE,Athens Running,3.11,347,0:21:00,162,182,3.1,151,167,6:45,5:59,116,23,1.58,0,0,0,0,0,--,--,--,--,--,0:00,0,0:00,No,00:44.1,4,0,--,--,--,--,--,--,--,0:20:59,0:21:00,631,741
Running,9/6/2020 6:44,FALSE,Athens Running,11.01,"1,390",1:21:57,167,177,4.6,146,160,7:27,5:59,717,671,1.48,0,0,0,0,0,--,--,--,--,--,0:00,0,0:00,No,00:01.6,12,0,--,--,--,--,--,--,--,1:21:42,1:22:17,581,781
Running,9/4/2020 7:15,FALSE,Athens Running,5.01,609,0:35:05,169,188,3.8,150,168,7:00,5:43,293,270,1.53,0,0,0,0,0,--,--,--,--,--,0:00,0,0:00,No,00:01.3,6,0,--,--,--,--,--,--,--,0:35:02,0:35:05,631,741
Running,9/2/2020 6:50,FALSE,Athens Running,4.54,602,0:34:53,166,182,3.6,147,159,7:41,6:37,298,211,1.42,0,0,0,0,0,--,--,--,--,--,0:00,0,0:00,No,04:20.6,5,0,--,--,--,--,--,--,--,0:34:51,0:35:39,635,741
Running,9/1/2020 6:20,FALSE,Athens Running,6.22,785,0:45:49,166,179,3.9,148,162,7:22,5:54,410,345,1.48,0,0,0,0,0,--,--,--,--,--,0:00,0,0:00,No,01:20.2,7,0,--,--,--,--,--,--,--,0:45:46,0:46:01,628,741
Running,8/30/2020 6:43,FALSE,Athens Running,10.62,"1,363",1:20:23,168,180,4.8,146,160,7:34,6:33,686,639,1.45,0,0,0,0,0,--,--,--,--,--,0:00,0,0:00,No,04:30.1,11,0,--,--,--,--,--,--,--,1:20:19,1:24:22,581,781
Running,8/28/2020 6:40,FALSE,Athens Running,5,621,0:36:01,167,180,3.7,149,166,7:12,6:07,281,293,1.51,0,0,0,0,0,--,--,--,--,--,0:00,0,0:00,No,00:01.5,6,0,--,--,--,--,--,--,--,0:36:00,0:36:32,629,741
Running,8/27/2020 6:21,FALSE,Athens Running,3.16,373,0:21:16,169,183,3.2,152,163,6:44,5:39,108,19,1.57,0,0,0,0,0,--,--,--,--,--,0:00,0,0:00,No,01:03.4,4,0,--,--,--,--,--,--,--,0:21:15,0:21:16,634,741
Running,8/26/2020 6:10,FALSE,Athens Running,4.97,621,0:38:20,164,185,3.4,140,198,7:43,3:50,127,127,1.46,0,0,0,0,0,--,--,--,--,--,0:00,0,0:00,No,00:05.1,16,0,--,--,--,--,--,--,--,0:37:29,0:51:16,719,736
Running,8/25/2020 6:28,FALSE,Athens Running,3.28,384,0:22:29,166,180,3.2,151,164,6:52,6:02,114,23,1.55,0,0,0,0,0,--,--,--,--,--,0:00,0,0:00,No,01:58.0,4,0,--,--,--,--,--,--,--,0:22:29,0:22:29,631,741
Running,8/23/2020 7:12,FALSE,Athens Running,10.7,"1,317",1:20:37,166,178,4.4,150,205,7:32,6:23,723,681,1.42,0,0,0,0,0,--,--,--,--,--,0:00,0,0:00,No,05:12.4,11,0,--,--,--,--,--,--,--,1:20:29,1:26:44,581,781
Running,8/22/2020 7:11,FALSE,Athens Running,4,487,0:28:56,164,178,3.3,150,164,7:14,6:41,185,101,1.49,0,0,0,0,0,--,--,--,--,--,0:00,0,0:00,No,00:01.5,5,0,--,--,--,--,--,--,--,0:28:55,0:28:56,635,741
Running,8/21/2020 6:19,FALSE,Athens Running,6.23,800,0:46:17,167,180,4,150,162,7:26,6:11,397,328,1.45,0,0,0,0,0,--,--,--,--,--,0:00,0,0:00,No,01:28.4,7,0,--,--,--,--,--,--,--,0:46:14,0:46:30,633,741
Running,8/20/2020 6:15,FALSE,Athens Running,6.24,786,0:46:03,166,181,4,150,165,7:23,6:03,374,321,1.45,0,0,0,0,0,--,--,--,--,--,0:00,0,0:00,No,01:36.4,7,0,--,--,--,--,--,--,--,0:46:00,0:46:11,633,741
Running,8/19/2020 6:36,FALSE,Athens Running,4.93,562,0:35:17,161,185,3.3,150,192,7:09,4:47,83,90,1.48,0,0,0,0,0,--,--,--,--,--,0:00,0,0:00,No,00:04.9,14,0,--,--,--,--,--,--,--,0:35:15,0:36:22,719,737
Running,8/18/2020 6:02,FALSE,Athens Running,6.23,748,0:44:11,166,179,3.9,150,168,7:05,6:13,392,346,1.51,0,0,0,0,0,--,--,--,--,--,0:00,0,0:00,No,01:31.3,7,0,--,--,--,--,--,--,--,0:44:05,0:44:22,634,741
Running,8/16/2020 6:36,FALSE,Athens Running,10.03,"1,301",1:14:34,171,185,5,146,162,7:26,6:21,624,589,1.48,0,0,0,0,0,--,--,--,--,--,0:00,0,0:00,No,00:10.8,11,0,--,--,--,--,--,--,--,1:14:23,1:15:42,581,781
Running,8/14/2020 6:43,FALSE,Athens Running,5.01,614,0:36:00,166,182,3.7,150,161,7:12,6:25,271,260,1.49,0,0,0,0,0,--,--,--,--,--,0:00,0,0:00,No,00:01.8,6,0,--,--,--,--,--,--,--,0:35:58,0:36:00,631,741
Running,8/13/2020 5:59,FALSE,Athens Running,6.22,798,0:45:54,168,183,4.1,149,166,7:23,6:09,402,375,1.46,0,0,0,0,0,--,--,--,--,--,0:00,0,0:00,No,01:35.3,7,0,--,--,--,--,--,--,--,0:45:49,0:46:14,634,741
Running,8/12/2020 6:01,FALSE,Athens Running,6.05,673,0:44:34,159,185,3.3,150,184,7:22,4:47,176,168,1.44,0,0,0,0,0,--,--,--,--,--,0:00,0,0:00,No,00:24.3,15,0,--,--,--,--,--,--,--,0:44:25,0:55:44,719,737
Running,8/11/2020 6:14,FALSE,Athens Running,6.22,783,0:45:25,169,185,4.2,148,160,7:18,6:15,418,391,1.49,0,0,0,0,0,--,--,--,--,--,0:00,0,0:00,No,01:27.7,7,0,--,--,--,--,--,--,--,0:45:18,0:45:38,634,741
Running,8/9/2020 6:59,FALSE,Athens Running,12.02,"1,525",1:32:32,165,176,4.7,149,199,7:42,6:43,728,682,1.4,0,0,0,0,0,--,--,--,--,--,0:00,0,0:00,No,00:09.1,13,0,--,--,--,--,--,--,--,1:32:19,1:34:19,581,781
Running,8/8/2020 7:52,FALSE,Athens Running,3.12,358,0:20:36,169,184,3.2,151,164,6:37,5:44,111,22,1.61,0,0,0,0,0,--,--,--,--,--,0:00,0,0:00,No,00:48.8,4,0,--,--,--,--,--,--,--,0:20:33,0:21:18,632,741
Running,8/7/2020 6:32,FALSE,Athens Running,6.51,820,0:46:40,171,183,4.3,148,166,7:10,6:29,463,377,1.5,0,0,0,0,0,--,--,--,--,--,0:00,0,0:00,No,03:39.6,7,0,--,--,--,--,--,--,--,0:46:37,0:46:52,635,741
Running,8/6/2020 6:38,FALSE,Athens Running,6.23,752,0:43:15,169,185,4.2,151,170,6:57,5:51,405,385,1.53,0,0,0,0,0,--,--,--,--,--,0:00,0,0:00,No,01:23.4,7,0,--,--,--,--,--,--,--,0:43:03,0:43:31,632,741
Running,8/5/2020 6:34,FALSE,Athens Running,6.3,791,0:45:10,171,186,4.2,150,168,7:10,5:52,337,335,1.5,0,0,0,0,0,--,--,--,--,--,0:00,0,0:00,No,01:52.8,7,0,--,--,--,--,--,--,--,0:45:08,0:45:13,638,741
Running,8/4/2020 6:28,FALSE,Athens Running,6.24,759,0:44:00,168,182,4,150,190,7:03,5:56,384,360,1.52,0,0,0,0,0,--,--,--,--,--,0:00,0,0:00,No,01:30.7,7,0,--,--,--,--,--,--,--,0:43:45,0:44:29,636,741
Running,7/31/2020 17:27,FALSE,Athens Running,1.02,110,05:50.5,180,191,2.2,160,174,5:44,5:00,56,51,1.75,0,0,0,0,0,--,--,--,--,--,0:00,0,0:00,No,00:01.2,3,0,--,--,--,--,--,--,--,05:49.2,05:50.5,719,753
Running,7/30/2020 6:54,FALSE,Athens Running,4.44,514,0:32:17,162,185,3.1,147,184,7:16,4:47,73,65,1.47,0,0,0,0,0,--,--,--,--,--,0:00,0,0:00,No,00:08.4,18,0,--,--,--,--,--,--,--,0:31:21,0:35:39,718,736
Running,7/29/2020 6:34,FALSE,Athens Running,6.23,775,0:45:05,168,183,4,149,166,7:15,6:22,400,392,1.49,0,0,0,0,0,--,--,--,--,--,0:00,0,0:00,No,01:28.9,7,0,--,--,--,--,--,--,--,0:45:04,0:45:05,633,741
Running,7/28/2020 6:36,FALSE,Athens Running,5,618,0:36:11,166,183,3.7,148,164,7:14,6:11,663,643,1.5,0,0,0,0,0,--,--,--,--,--,0:00,0,0:00,No,00:01.7,6,0,--,--,--,--,--,--,--,0:36:04,0:36:21,683,820
Running,7/26/2020 6:55,FALSE,Athens Running,12.06,"1,568",1:31:42,169,179,5,148,171,7:36,5:59,"1,526","1,588",1.43,0,0,0,0,0,--,--,--,--,--,0:00,0,0:00,No,00:26.0,13,0,--,--,--,--,--,--,--,1:31:33,1:32:17,621,867
Running,7/25/2020 7:22,FALSE,Athens Running,3.13,384,0:22:33,165,178,3.2,153,167,7:13,6:38,453,354,1.46,0,0,0,0,0,--,--,--,--,--,0:00,0,0:00,No,00:56.8,4,0,--,--,--,--,--,--,--,0:22:32,0:22:33,650,819
Running,7/24/2020 6:28,FALSE,Athens Running,6.44,832,0:47:57,169,181,4.2,150,164,7:27,6:23,889,830,1.44,0,0,0,0,0,--,--,--,--,--,0:00,0,0:00,No,03:10.4,7,0,--,--,--,--,--,--,--,0:47:54,0:49:06,661,828
Running,7/23/2020 6:25,FALSE,Athens Running,6.23,783,0:45:50,166,179,4,152,164,7:21,6:01,814,797,1.44,0,0,0,0,0,--,--,--,--,--,0:00,0,0:00,No,01:30.8,7,0,--,--,--,--,--,--,--,0:45:47,0:45:58,655,802
Running,7/22/2020 6:47,FALSE,Athens Running,6.71,848,0:49:39,167,179,4.1,149,169,7:24,6:37,465,407,1.46,0,0,0,0,0,--,--,--,--,--,0:00,0,0:00,No,05:04.1,7,0,--,--,--,--,--,--,--,0:49:38,0:49:51,634,741
Running,7/21/2020 6:13,FALSE,Athens Running,6.22,782,0:46:53,163,178,3.8,148,173,7:32,6:17,418,386,1.44,0,0,0,0,0,--,--,--,--,--,0:00,0,0:00,No,01:32.3,7,0,--,--,--,--,--,--,--,0:46:52,0:46:53,633,741
Running,7/19/2020 7:37,FALSE,Athens Running,10.01,"1,357",1:18:44,169,179,4.8,150,164,7:52,6:43,677,673,1.37,0,0,0,0,0,--,--,--,--,--,0:00,0,0:00,No,00:02.3,11,0,--,--,--,--,--,--,--,1:18:42,1:18:44,631,741
Running,7/18/2020 9:38,FALSE,Athens Running,3.11,387,0:21:56,171,183,3.3,152,164,7:03,6:12,113,23,1.51,0,0,0,0,0,--,--,--,--,--,0:00,0,0:00,No,00:51.3,4,0,--,--,--,--,--,--,--,0:21:55,0:21:58,633,741
Running,7/17/2020 17:07,FALSE,Athens Running,4.48,604,0:33:54,172,185,3.8,148,162,7:34,6:50,231,172,1.43,0,0,0,0,0,--,--,--,--,--,0:00,0,0:00,No,03:38.5,5,0,--,--,--,--,--,--,--,0:33:53,0:34:17,632,741
Running,7/15/2020 17:19,FALSE,Athens Running,5,669,0:38:13,170,182,3.9,149,170,7:38,6:31,270,229,1.42,0,0,0,0,0,--,--,--,--,--,0:00,0,0:00,No,00:01.2,6,0,--,--,--,--,--,--,--,0:38:10,0:38:13,632,741
Running,7/14/2020 17:10,FALSE,Athens Running,4.78,593,0:34:49,166,176,3.6,148,160,7:17,6:22,243,239,1.49,0,0,0,0,0,--,--,--,--,--,0:00,0,0:00,No,05:42.2,5,0,--,--,--,--,--,--,--,0:34:47,0:34:58,630,741
Running,7/13/2020 17:06,FALSE,Athens Running,3.25,402,0:24:32,159,171,3.1,148,159,7:32,6:56,134,45,1.44,0,0,0,0,0,--,--,--,--,--,0:00,0,0:00,No,01:58.7,4,0,--,--,--,--,--,--,--,0:24:29,0:24:32,635,741
Running,7/12/2020 7:03,FALSE,Athens Running,10.6,"1,355",1:19:33,168,179,4.7,148,160,7:30,6:22,648,603,1.44,0,0,0,0,0,--,--,--,--,--,0:00,0,0:00,No,04:09.6,11,0,--,--,--,--,--,--,--,1:19:31,1:19:44,581,781
Running,7/10/2020 6:29,FALSE,Athens Running,6.05,743,0:42:39,169,184,4.1,150,168,7:03,5:30,411,341,1.52,0,0,0,0,0,--,--,--,--,--,0:00,0,0:00,No,00:15.6,7,0,--,--,--,--,--,--,--,0:42:31,0:42:56,635,741
Running,7/9/2020 6:36,FALSE,Athens Running,5,641,0:36:47,169,182,3.8,150,166,7:21,6:27,231,224,1.46,0,0,0,0,0,--,--,--,--,--,0:00,0,0:00,No,00:01.8,6,0,--,--,--,--,--,--,--,0:36:46,0:36:47,632,741
Running,7/8/2020 6:29,FALSE,Athens Running,8.12,"1,080",1:00:54,172,182,4.7,150,162,7:30,6:39,502,462,1.43,0,0,0,0,0,--,--,--,--,--,0:00,0,0:00,No,00:51.2,9,0,--,--,--,--,--,--,--,1:00:51,1:00:54,630,741
Running,7/7/2020 6:33,FALSE,Athens Running,5,652,0:37:03,170,184,3.9,150,164,7:24,6:23,287,255,1.44,0,0,0,0,0,--,--,--,--,--,0:00,0,0:00,No,00:01.3,6,0,--,--,--,--,--,--,--,0:37:02,0:37:03,633,741
Running,7/5/2020 7:09,FALSE,Athens Running,10.75,"1,463",1:20:47,174,188,5,149,173,7:31,6:26,672,632,1.43,0,0,0,0,0,--,--,--,--,--,0:00,0,0:00,No,05:33.8,11,0,--,--,--,--,--,--,--,1:20:43,1:23:05,581,781
Running,7/3/2020 6:58,FALSE,Athens Running,6.06,691,0:43:43,161,188,3.4,156,192,7:13,4:58,149,150,1.41,0,0,0,0,0,--,--,--,--,--,0:00,0,0:00,No,00:01.0,18,0,--,--,--,--,--,--,--,0:43:40,1:06:34,719,740
Running,7/2/2020 7:46,FALSE,Athens Running,3.12,385,0:21:33,174,184,3.3,156,166,6:54,6:06,110,17,1.49,0,0,0,0,0,--,--,--,--,--,0:00,0,0:00,No,00:52.9,4,0,--,--,--,--,--,--,--,0:21:31,0:21:33,636,741
Running,7/1/2020 6:33,FALSE,Athens Running,6.23,838,0:47:34,171,183,4.3,153,167,7:38,6:45,451,357,1.37,0,0,0,0,0,--,--,--,--,--,0:00,0,0:00,No,01:39.8,7,0,--,--,--,--,--,--,--,0:47:32,0:47:40,632,741
Running,6/30/2020 6:47,FALSE,Athens Running,5.6,671,0:40:13,167,188,3.5,154,184,7:11,5:13,46,46,1.44,0,0,0,0,0,--,--,--,--,--,0:00,0,0:00,No,00:01.0,15,0,--,--,--,--,--,--,--,0:40:10,0:44:53,719,736
Running,6/28/2020 7:06,FALSE,Athens Running,11.01,"1,426",1:23:27,169,180,4.9,152,201,7:35,6:28,687,637,1.39,0,0,0,0,0,--,--,--,--,--,0:00,0,0:00,No,00:02.2,12,0,--,--,--,--,--,--,--,1:23:19,1:25:55,581,781
Cycling,6/27/2020 7:59,FALSE,Athens Cycling,8.28,451,0:33:17,140,165,2.8,--,--,14.9,19.7,41,48,0,0,0,0,0,0,--,--,--,--,--,0:00,0,0:00,No,12:58.7,2,0,--,--,--,--,--,--,--,0:33:16,0:35:17,600,632
Running,6/26/2020 7:01,FALSE,Athens Running,1.63,191,0:12:26,155,179,2.3,143,184,7:37,4:29,10,16,1.4,0,0,0,0,0,--,--,--,--,--,0:00,0,0:00,No,01:20.5,8,0,--,--,--,--,--,--,--,0:12:24,0:12:26,719,737
Running,6/25/2020 17:49,FALSE,Athens Running,4.95,716,0:44:49,157,171,3.4,146,160,9:03,7:16,309,309,1.21,0,0,0,0,0,--,--,--,--,--,0:00,0,0:00,No,07:59.4,5,0,--,--,--,--,--,--,--,0:44:09,0:46:19,629,781
Running,6/24/2020 5:56,FALSE,Athens Running,5.01,639,0:36:52,168,180,3.7,153,166,7:21,6:28,322,254,1.43,0,0,0,0,0,--,--,--,--,--,0:00,0,0:00,No,00:04.2,6,0,--,--,--,--,--,--,--,0:36:50,0:38:06,632,741
Cycling,6/23/2020 17:27,FALSE,Athens Cycling,4.9,288,0:19:51,145,165,2.4,--,--,14.8,21.1,25,32,0,0,0,0,0,0,--,--,--,--,--,0:00,0,0:00,No,19:51.3,1,0,--,--,--,--,--,--,--,0:19:42,0:22:10,600,626
Running,6/23/2020 6:42,FALSE,Athens Running,6.09,710,0:44:44,164,189,3.5,154,222,7:21,4:56,21,17,1.4,0,0,0,0,0,--,--,--,--,--,0:00,0,0:00,No,00:01.3,17,0,--,--,--,--,--,--,--,0:44:36,0:51:31,719,736
Running,6/21/2020 6:37,FALSE,Athens Running,10.01,"1,314",1:15:03,170,181,4.9,151,162,7:30,6:37,627,585,1.43,0,0,0,0,0,--,--,--,--,--,0:00,0,0:00,No,00:01.7,11,0,--,--,--,--,--,--,--,1:15:00,1:15:32,633,741
Cycling,6/20/2020 9:06,FALSE,Athens Cycling,8.28,514,0:34:34,149,168,2.9,--,--,14.4,22.8,64,70,0,0,0,0,0,0,--,--,--,--,--,0:00,0,0:00,No,14:03.3,2,0,--,--,--,--,--,--,--,0:34:21,0:38:10,600,636
Running,6/19/2020 6:27,FALSE,Athens Running,6.23,775,0:43:43,171,183,4.2,154,173,7:01,5:36,424,389,1.49,0,0,0,0,0,--,--,--,--,--,0:00,0,0:00,No,01:19.0,7,0,--,--,--,--,--,--,--,0:43:33,0:46:57,632,741
Running,6/18/2020 6:44,FALSE,Athens Running,5,556,0:34:54,162,181,3.1,158,196,6:59,4:46,117,112,1.44,0,0,0,0,0,--,--,--,--,--,0:00,0,0:00,No,00:03.2,15,0,--,--,--,--,--,--,--,0:34:46,0:40:56,719,737
Cycling,6/17/2020 17:40,FALSE,Athens Cycling,8.25,484,0:34:15,146,169,2.7,--,--,14.5,22.2,51,52,0,0,0,0,0,0,--,--,--,--,--,0:00,0,0:00,No,14:33.5,2,0,--,--,--,--,--,--,--,0:33:38,0:37:24,600,630
Running,6/16/2020 6:28,FALSE,Athens Running,5.01,603,0:34:28,170,180,3.7,157,174,6:53,4:40,304,320,1.5,0,0,0,0,0,--,--,--,--,--,0:00,0,0:00,No,00:02.3,6,0,--,--,--,--,--,--,--,0:34:27,0:34:28,624,741
Running,6/14/2020 6:52,FALSE,Athens Running,12.3,"1,557",1:30:28,169,177,5,152,178,7:21,4:51,695,649,1.44,0,0,0,0,0,--,--,--,--,--,0:00,0,0:00,No,02:04.2,13,0,--,--,--,--,--,--,--,1:30:23,1:31:00,581,781
Cycling,6/13/2020 9:23,FALSE,Athens Cycling,8.29,488,0:34:45,144,173,2.6,--,--,14.3,22.7,42,49,0,0,0,0,0,0,--,--,--,--,--,0:00,0,0:00,No,14:02.2,2,0,--,--,--,--,--,--,--,0:34:45,0:36:41,600,632
Running,6/12/2020 6:36,FALSE,Athens Running,6.22,779,0:43:40,172,183,4.2,157,167,7:01,6:01,401,380,1.46,0,0,0,0,0,--,--,--,--,--,0:00,0,0:00,No,01:23.1,7,0,--,--,--,--,--,--,--,0:43:39,0:43:45,636,741
Running,6/11/2020 6:59,FALSE,Athens Running,3.28,389,0:24:02,162,182,3,150,190,7:20,4:15,29,24,1.42,0,0,0,0,0,--,--,--,--,--,0:00,0,0:00,No,00:02.2,15,0,--,--,--,--,--,--,--,0:23:57,0:26:48,719,735
Running,6/10/2020 6:56,FALSE,Athens Running,3.27,391,0:22:50,168,181,3.2,159,169,6:59,6:26,131,41,1.45,0,0,0,0,0,--,--,--,--,--,0:00,0,0:00,No,01:49.6,4,0,--,--,--,--,--,--,--,0:22:49,0:22:50,632,741
Running,6/9/2020 17:11,FALSE,Athens Running,2.01,235,0:13:48,167,179,2.7,154,170,6:52,6:04,221,187,1.52,0,0,0,0,0,--,--,--,--,--,0:00,0,0:00,No,00:02.9,3,0,--,--,--,--,--,--,--,0:13:48,0:13:50,630,736
Running,6/9/2020 6:50,FALSE,Athens Running,5.16,596,0:36:28,166,184,3.4,155,181,7:04,4:59,101,114,1.45,0,0,0,0,0,--,--,--,--,--,0:00,0,0:00,No,01:28.8,14,0,--,--,--,--,--,--,--,0:36:20,0:40:58,719,736
Cycling,6/8/2020 17:55,FALSE,Athens Cycling,8.42,477,0:35:23,143,163,2.6,--,--,14.3,22.1,70,78,0,0,0,0,0,0,--,--,--,--,--,0:00,0,0:00,No,14:23.7,2,0,--,--,--,--,--,--,--,0:35:21,0:38:31,600,640
Running,6/7/2020 6:50,FALSE,Athens Running,13.12,"1,634",1:36:51,169,178,5,153,171,7:23,6:11,665,632,1.42,0,0,0,0,0,--,--,--,--,--,0:00,0,0:00,No,00:41.1,14,0,--,--,--,--,--,--,--,1:36:45,1:38:28,581,781
Running,6/5/2020 6:44,FALSE,Athens Running,7.01,911,0:51:27,174,184,4.5,156,194,7:20,6:18,420,379,1.41,0,0,0,0,0,--,--,--,--,--,0:00,0,0:00,No,00:02.7,8,0,--,--,--,--,--,--,--,0:51:24,0:52:18,632,741
Running,6/4/2020 7:03,FALSE,Athens Running,5.33,649,0:38:54,168,195,3.7,159,192,7:18,4:55,145,153,1.37,0,0,0,0,0,--,--,--,--,--,0:00,0,0:00,No,00:04.5,17,0,--,--,--,--,--,--,--,0:38:46,0:41:21,719,736
Cycling,6/2/2020 17:24,FALSE,Athens Cycling,5.04,311,0:22:21,141,163,2.3,--,--,13.5,22.2,25,31,0,0,0,0,0,0,--,--,--,--,--,0:00,0,0:00,No,00:10.5,2,0,--,--,--,--,--,--,--,0:22:17,0:22:36,600,639
Running,6/2/2020 6:45,FALSE,Athens Running,4.57,540,0:32:43,166,185,3.4,156,184,7:10,5:18,121,134,1.42,0,0,0,0,0,--,--,--,--,--,0:00,0,0:00,No,02:09.9,12,0,--,--,--,--,--,--,--,0:32:41,0:32:44,719,738
Cycling,6/1/2020 17:42,FALSE,Athens Cycling,8.31,450,0:38:19,134,148,2.2,--,--,13,18.5,39,310,0,0,0,0,0,0,--,--,--,--,--,0:00,0,0:00,No,15:30.6,2,0,--,--,--,--,--,--,--,0:38:10,0:40:19,600,873
Strength Training,6/1/2020 12:55,FALSE,Body weight Benchmark,0,63,0:10:00,--,--,--,--,--,--,--,--,--,0,0,0,0,0,0,--,--,--,150,12,0:00,0,0:00,No,00:00.0,1,0,--,--,--,--,--,--,--,0:00:00,0:10:00,--,--
Running,6/1/2020 6:46,FALSE,Athens Running,4.01,465,0:26:58,170,180,3.4,157,173,6:44,5:41,192,111,1.52,0,0,0,0,0,--,--,--,--,--,0:00,0,0:00,No,00:01.1,5,0,--,--,--,--,--,--,--,0:26:58,0:26:58,632,741
Running,5/31/2020 7:34,FALSE,Athens Running,10.01,"1,287",1:14:19,170,181,4.9,153,166,7:26,6:10,721,678,1.42,0,0,0,0,0,--,--,--,--,--,0:00,0,0:00,No,00:01.7,11,0,--,--,--,--,--,--,--,1:14:15,1:16:38,633,741
Running,5/29/2020 7:12,FALSE,Athens Running,3.12,354,0:20:29,169,183,3.2,155,170,6:34,5:48,108,18,1.58,0,0,0,0,0,--,--,--,--,--,0:00,0,0:00,No,00:45.9,4,0,--,--,--,--,--,--,--,0:20:25,0:20:37,628,741
Running,5/28/2020 6:53,FALSE,Athens Running,6.27,787,0:46:20,167,178,4,155,184,7:24,5:25,404,325,1.4,0,0,0,0,0,--,--,--,--,--,0:00,0,0:00,No,01:38.3,7,0,--,--,--,--,--,--,--,0:46:17,0:46:28,635,741
Running,5/27/2020 6:42,FALSE,Athens Running,4.66,543,0:33:23,166,183,3.4,158,186,7:10,4:15,82,89,1.4,0,0,0,0,0,--,--,--,--,--,0:00,0,0:00,No,00:00.6,17,0,--,--,--,--,--,--,--,0:33:20,0:33:23,719,738
Running,5/26/2020 6:59,FALSE,Athens Running,5.05,625,0:36:36,169,182,3.8,157,189,7:15,3:44,292,217,1.42,0,0,0,0,0,--,--,--,--,--,0:00,0,0:00,No,00:14.6,6,0,--,--,--,--,--,--,--,0:36:31,0:36:47,637,741
Running,5/24/2020 7:06,FALSE,Athens Running,12.01,"1,512",1:30:00,171,181,5,152,184,7:30,4:54,684,643,1.39,0,0,0,0,0,--,--,--,--,--,0:00,0,0:00,No,00:01.5,13,0,--,--,--,--,--,--,--,1:29:52,1:36:18,581,781
Running,5/23/2020 9:32,FALSE,Athens Running,2.14,226,0:13:55,163,177,2.7,162,189,6:30,4:51,--,2,1.52,0,0,0,0,0,--,--,--,--,--,0:00,0,0:00,No,01:10.6,3,0,--,--,--,--,--,--,--,0:13:50,0:16:05,657,663
Running,5/22/2020 6:33,FALSE,Athens Running,6.02,767,0:43:18,174,185,4.3,159,174,7:12,6:26,389,306,1.41,0,0,0,0,0,--,--,--,--,--,0:00,0,0:00,No,00:07.6,7,0,--,--,--,--,--,--,--,0:43:15,0:43:18,636,741
Cycling,5/21/2020 17:28,FALSE,Athens Cycling,2.84,179,0:14:41,132,148,1.4,--,--,11.6,18.2,9,14,0,0,0,0,0,0,--,--,--,--,--,0:00,0,0:00,No,00:00.0,1,0,--,--,--,--,--,--,--,0:14:25,0:15:05,600,614
Running,5/21/2020 6:45,FALSE,Athens Running,3.01,340,0:20:59,165,185,3.1,161,192,6:59,4:55,58,66,1.41,0,0,0,0,0,--,--,--,--,--,0:00,0,0:00,No,00:37.9,16,0,--,--,--,--,--,--,--,0:20:57,0:20:59,719,738
Running,5/20/2020 14:05,FALSE,Athens Running,3.26,366,0:21:45,170,182,3.2,161,174,6:40,5:40,115,33,1.5,0,0,0,0,0,--,--,--,--,--,0:00,0,0:00,No,01:48.1,4,0,--,--,--,--,--,--,--,0:21:44,0:21:46,634,741
Running,5/19/2020 16:27,FALSE,Athens Running,1.53,158,0:10:45,153,177,2.3,151,170,7:02,6:09,163,171,1.51,0,0,0,0,0,--,--,--,--,--,0:00,0,0:00,No,03:49.4,2,0,--,--,--,--,--,--,--,0:10:21,0:17:51,634,735
Running,5/19/2020 7:05,FALSE,Athens Running,4.01,471,0:27:40,172,184,3.6,157,169,6:54,5:51,255,227,1.48,0,0,0,0,0,--,--,--,--,--,0:00,0,0:00,No,00:01.9,5,0,--,--,--,--,--,--,--,0:27:40,0:27:59,634,741
Running,5/17/2020 6:56,FALSE,Athens Running,12,"1,457",1:29:35,168,177,4.8,155,184,7:28,6:00,655,614,1.39,0,0,0,0,0,--,--,--,--,--,0:00,0,0:00,No,00:01.1,13,0,--,--,--,--,--,--,--,1:29:27,1:29:35,581,781
Running,5/16/2020 9:42,FALSE,Athens Running,2.01,202,0:13:05,161,182,2.6,162,199,6:31,4:21,152,131,1.52,0,0,0,0,0,--,--,--,--,--,0:00,0,0:00,No,00:02.3,3,0,--,--,--,--,--,--,--,0:12:56,0:14:20,640,663
Running,5/15/2020 6:45,FALSE,Athens Running,4.4,519,0:32:21,169,186,3.7,156,192,7:21,4:33,142,145,1.38,0,0,0,0,0,--,--,--,--,--,0:00,0,0:00,No,00:34.3,20,0,--,--,--,--,--,--,--,0:32:17,0:33:05,719,740
Running,5/13/2020 6:23,FALSE,Athens Running,5.01,594,0:36:31,167,178,3.8,155,174,7:18,6:22,310,279,1.42,0,0,0,0,0,--,--,--,--,--,0:00,0,0:00,No,00:00.8,6,0,--,--,--,--,--,--,--,0:36:30,0:36:31,634,741
Cycling,5/12/2020 17:38,FALSE,Athens Cycling,4.98,306,0:21:55,146,159,2.5,--,--,13.6,20.6,25,26,0,0,0,0,0,0,--,--,--,--,--,0:00,0,0:00,No,00:00.0,1,0,--,--,--,--,--,--,--,0:21:53,0:21:55,600,630
Running,5/12/2020 6:34,FALSE,Athens Running,4.2,460,0:30:13,163,184,3.4,157,194,7:12,4:21,80,78,1.4,0,0,0,0,0,--,--,--,--,--,0:00,0,0:00,No,00:01.1,21,0,--,--,--,--,--,--,--,0:30:09,0:33:34,719,736
Running,5/11/2020 6:24,FALSE,Athens Running,5,554,0:35:23,164,181,3.6,156,180,7:04,5:58,239,226,1.46,0,0,0,0,0,--,--,--,--,--,0:00,0,0:00,No,00:00.9,6,0,--,--,--,--,--,--,--,0:35:22,0:35:23,631,741
Running,5/9/2020 7:08,FALSE,Athens Running,10.01,"1,090",1:15:52,160,177,4,153,172,7:35,5:53,610,589,1.39,0,0,0,0,0,--,--,--,--,--,0:00,0,0:00,No,00:02.0,11,0,--,--,--,--,--,--,--,1:15:50,1:15:52,632,741
Running,5/8/2020 6:32,FALSE,Athens Running,3.11,355,0:22:21,167,180,3.3,156,169,7:11,6:06,165,75,1.44,0,0,0,0,0,--,--,--,--,--,0:00,0,0:00,No,00:49.8,4,0,--,--,--,--,--,--,--,0:22:19,0:24:48,636,741
Running,5/7/2020 6:45,FALSE,Athens Running,3.67,396,0:25:57,165,183,3.3,155,184,7:04,4:52,89,102,1.44,0,0,0,0,0,--,--,--,--,--,0:00,0,0:00,No,00:01.1,13,0,--,--,--,--,--,--,--,0:25:55,0:25:57,719,735
Running,5/6/2020 6:22,FALSE,Athens Running,5,593,0:36:41,171,186,4,153,170,7:20,6:05,313,290,1.43,0,0,0,0,0,--,--,--,--,--,0:00,0,0:00,No,00:00.5,6,0,--,--,--,--,--,--,--,0:36:41,0:36:41,634,741
Running,5/5/2020 6:47,FALSE,Athens Running,3.92,485,0:29:51,173,191,3.9,145,178,7:36,5:02,88,90,1.42,0,0,0,0,0,--,--,--,--,--,0:00,0,0:00,No,01:15.1,13,0,--,--,--,--,--,--,--,0:29:34,0:29:51,719,737
Running,5/3/2020 7:03,FALSE,Athens Running,8.01,962,1:01:12,169,181,4.6,148,158,7:39,6:51,506,463,1.42,0,0,0,0,0,--,--,--,--,--,0:00,0,0:00,No,00:02.9,9,0,--,--,--,--,--,--,--,1:01:11,1:01:12,630,741
Running,5/2/2020 10:52,FALSE,Athens Running,1.42,146,09:48.3,160,171,2.3,153,201,6:54,3:57,49,45,1.52,0,0,0,0,0,--,--,--,--,--,0:00,0,0:00,No,02:52.3,2,0,--,--,--,--,--,--,--,09:43.0,0:11:29,640,663
Running,5/1/2020 6:29,FALSE,Athens Running,3.7,426,0:27:43,163,181,3.6,151,181,7:29,5:40,167,99,1.43,0,0,0,0,0,--,--,--,--,--,0:00,0,0:00,No,05:06.2,4,0,--,--,--,--,--,--,--,0:27:30,0:31:07,633,741
Running,4/30/2020 6:41,FALSE,Athens Running,5.01,641,0:36:19,182,194,5,151,172,7:15,6:14,347,255,1.47,0,0,0,0,0,--,--,--,--,--,0:00,0,0:00,No,00:02.2,6,0,--,--,--,--,--,--,--,0:36:17,0:36:19,625,741
Running,4/29/2020 6:38,FALSE,Athens Running,3.11,350,0:20:29,178,192,3.9,154,167,6:35,5:56,114,21,1.58,0,0,0,0,0,--,--,--,--,--,0:00,0,0:00,No,00:46.2,4,0,--,--,--,--,--,--,--,0:20:29,0:20:29,633,741
Running,4/28/2020 18:30,FALSE,Athens Running,1.2,136,08:25.2,169,186,2.6,152,224,6:59,1:40,134,73,1.52,0,0,0,0,0,--,--,--,--,--,0:00,0,0:00,No,01:27.6,2,0,--,--,--,--,--,--,--,08:24.6,08:25.2,633,735
Cycling,4/28/2020 17:33,FALSE,Athens Cycling,5.08,333,0:23:11,154,173,3.2,--,--,13.2,20.2,24,24,0,0,0,0,0,0,--,--,--,--,--,0:00,0,0:00,No,00:30.6,2,0,--,--,--,--,--,--,--,0:22:45,0:25:19,600,626
Running,4/28/2020 6:57,FALSE,Athens Running,1.19,134,08:31.3,166,181,2.5,152,167,7:09,6:10,139,75,1.48,0,0,0,0,0,--,--,--,--,--,0:00,0,0:00,No,01:25.6,2,0,--,--,--,--,--,--,--,08:24.6,08:31.3,631,736
Strength Training,4/27/2020 9:54,FALSE,Strength,0,182,0:14:58,139,163,2.3,--,--,--,--,--,--,0,0,0,0,0,0,--,--,--,114,13,0:00,0,0:00,No,00:00.0,1,0,--,--,--,--,--,--,--,06:06.6,0:15:05,--,--
Cycling,4/26/2020 9:00,FALSE,Athens Cycling,8.01,396,0:36:33,138,164,3,--,--,13.2,20.4,257,265,0,0,0,0,0,0,--,--,--,--,--,0:00,0,0:00,No,12:55.7,2,0,--,--,--,--,--,--,--,0:35:27,0:39:46,600,822
Strength Training,4/16/2020 16:12,FALSE,Strength,0,145,0:13:23,133,148,2,--,--,--,--,--,--,0,0,0,0,0,0,--,--,--,135,9,0:00,0,0:00,No,00:00.0,1,0,--,--,--,--,--,--,--,05:43.5,0:13:23,--,--
Breathwork,4/16/2020 9:08,FALSE,Relax and Focus,0,--,03:00.1,73,78,0,--,--,--,--,--,--,0,0,0,0,0,0,--,--,--,--,--,0:00,0,0:00,No,00:00.1,52,0,4,4,5,5,73,78,--,0:00:00,03:00.1,--,--
Running,4/16/2020 5:59,FALSE,Athens Running,4,445,0:29:49,162,175,3.7,156,174,7:27,6:28,177,147,1.38,0,0,0,0,0,--,--,--,--,--,0:00,0,0:00,No,00:01.8,5,0,--,--,--,--,--,--,--,0:29:47,0:29:49,634,741
